Brand;Name;ID;GroupID;Size;Color;Stock;Price;DiscountPrice;description;Images;Eka;Kadın İp Askılı Fitilli Büstiyer-Siyah INT-0709-1123-Siyah;341;5730919;XS;Siyah;instock;22.42;37.37;%100 PolyesterModelin Ölçüleri: Boy: 1.78, Göğüs: 85, Bel: 61, Kalça: 91Numune Bedeni: S/36/1/27-32Kampanya fiyatından satılmak üzere 100 adetten fazla stok sunulmuştur.İncelemiş olduğunuz ürünün satış fiyatını satıcı belirlemektedir.;https://cdn.dsmcdn.com//ty8/product/media/images/20200721/15/5438447/21357283/1/1_org_zoom.jpg;
Eka;Kadın İp Askılı Fitilli Büstiyer-Siyah INT-0709-1123-Siyah;342;5730919;S;Siyah;instock;22.42;37.37;%100 PolyesterModelin Ölçüleri: Boy: 1.78, Göğüs: 85, Bel: 61, Kalça: 91Numune Bedeni: S/36/1/27-32Kampanya fiyatından satılmak üzere 100 adetten fazla stok sunulmuştur.İncelemiş olduğunuz ürünün satış fiyatını satıcı belirlemektedir.;https://cdn.dsmcdn.com//ty8/product/media/images/20200721/15/5438447/21357283/1/1_org_zoom.jpg;
Eka;Kadın İp Askılı Fitilli Büstiyer-Siyah INT-0709-1123-Siyah;343;5730919;M;Siyah;instock;22.42;37.37;%100 PolyesterModelin Ölçüleri: Boy: 1.78, Göğüs: 85, Bel: 61, Kalça: 91Numune Bedeni: S/36/1/27-32Kampanya fiyatından satılmak üzere 100 adetten fazla stok sunulmuştur.İncelemiş olduğunuz ürünün satış fiyatını satıcı belirlemektedir.;https://cdn.dsmcdn.com//ty8/product/media/images/20200721/15/5438447/21357283/1/1_org_zoom.jpg;
Eka;Kadın İp Askılı Fitilli Büstiyer-Siyah INT-0709-1123-Siyah;344;5730919;L;Siyah;instock;22.42;37.37;%100 PolyesterModelin Ölçüleri: Boy: 1.78, Göğüs: 85, Bel: 61, Kalça: 91Numune Bedeni: S/36/1/27-32Kampanya fiyatından satılmak üzere 100 adetten fazla stok sunulmuştur.İncelemiş olduğunuz ürünün satış fiyatını satıcı belirlemektedir.;https://cdn.dsmcdn.com//ty8/product/media/images/20200721/15/5438447/21357283/1/1_org_zoom.jpg;
Happiness İst.;Kadın Beyaz İp Askılı Örme Büstiyer Lİ00001;345;30708469;36;Beyaz;outstock;15.65;28.45;%95 Viskon %5 ElastanBoy: 23 Cm.İp Askılı, Likralı, Fıt Kalıp, Örme Büstiyer.Modelin Ölçüleri: Boy: 1.78, Göğüs: 85, Bel: 61, Kalça: 91İP ASKILI, LİKRALI, FIT KALIP, ÖRME BÜSTİYER. Stüdyo Çekimlerinde Renkler Işık Farklılığından Dolayı Değişiklik Gösterebilir.Kampanya fiyatından satılmak üzere 10 adetten fazla stok sunulmuştur.;https://cdn.dsmcdn.com//assets/product/media/images/20200306/14/4093079/65018053/1/1_org_zoom.jpg,https://cdn.dsmcdn.com//assets/product/media/images/20200306/14/4093079/65018053/2/2_org_zoom.jpg;
Happiness İst.;Kadın Beyaz İp Askılı Örme Büstiyer Lİ00001;346;30708469;38;Beyaz;outstock;15.65;28.45;%95 Viskon %5 ElastanBoy: 23 Cm.İp Askılı, Likralı, Fıt Kalıp, Örme Büstiyer.Modelin Ölçüleri: Boy: 1.78, Göğüs: 85, Bel: 61, Kalça: 91İP ASKILI, LİKRALI, FIT KALIP, ÖRME BÜSTİYER. Stüdyo Çekimlerinde Renkler Işık Farklılığından Dolayı Değişiklik Gösterebilir.Kampanya fiyatından satılmak üzere 10 adetten fazla stok sunulmuştur.;https://cdn.dsmcdn.com//assets/product/media/images/20200306/14/4093079/65018053/1/1_org_zoom.jpg,https://cdn.dsmcdn.com//assets/product/media/images/20200306/14/4093079/65018053/2/2_org_zoom.jpg;
Happiness İst.;Kadın Beyaz İp Askılı Örme Büstiyer Lİ00001;347;30708469;40;Beyaz;instock;15.65;28.45;%95 Viskon %5 ElastanBoy: 23 Cm.İp Askılı, Likralı, Fıt Kalıp, Örme Büstiyer.Modelin Ölçüleri: Boy: 1.78, Göğüs: 85, Bel: 61, Kalça: 91İP ASKILI, LİKRALI, FIT KALIP, ÖRME BÜSTİYER. Stüdyo Çekimlerinde Renkler Işık Farklılığından Dolayı Değişiklik Gösterebilir.Kampanya fiyatından satılmak üzere 10 adetten fazla stok sunulmuştur.;https://cdn.dsmcdn.com//assets/product/media/images/20200306/14/4093079/65018053/1/1_org_zoom.jpg,https://cdn.dsmcdn.com//assets/product/media/images/20200306/14/4093079/65018053/2/2_org_zoom.jpg;
Eka;2'li Paket Ip Askılı Fitilli Büstiyer (siyah - Beyaz);348;32040261;XS;Siyah-Beyaz;instock;49.79;62.24;Içerik : %100 polyester Modelin ölçüleri Boy: 178 Göğüs : 87 Bel : 60 Kalça : 89 Beden : S / 36 / 1 Kampanya fiyatından satılmak üzere 100 adetten fazla stok sunulmuştur.İncelemiş olduğunuz ürünün satış fiyatını satıcı belirlemektedir.;https://cdn.dsmcdn.com//ty7/product/media/images/20200720/17/5385898/67995228/1/1_org_zoom.jpg,https://cdn.dsmcdn.com//ty7/product/media/images/20200720/17/5385898/67995228/2/2_org_zoom.jpg,https://cdn.dsmcdn.com//ty8/product/media/images/20200720/17/5385898/67995228/3/3_org_zoom.jpg,https://cdn.dsmcdn.com//ty7/product/media/images/20200720/17/5385898/67995228/4/4_org_zoom.jpg;
Eka;2'li Paket Ip Askılı Fitilli Büstiyer (siyah - Beyaz);349;32040261;S;Siyah-Beyaz;instock;49.79;62.24;Içerik : %100 polyester Modelin ölçüleri Boy: 178 Göğüs : 87 Bel : 60 Kalça : 89 Beden : S / 36 / 1 Kampanya fiyatından satılmak üzere 100 adetten fazla stok sunulmuştur.İncelemiş olduğunuz ürünün satış fiyatını satıcı belirlemektedir.;https://cdn.dsmcdn.com//ty7/product/media/images/20200720/17/5385898/67995228/1/1_org_zoom.jpg,https://cdn.dsmcdn.com//ty7/product/media/images/20200720/17/5385898/67995228/2/2_org_zoom.jpg,https://cdn.dsmcdn.com//ty8/product/media/images/20200720/17/5385898/67995228/3/3_org_zoom.jpg,https://cdn.dsmcdn.com//ty7/product/media/images/20200720/17/5385898/67995228/4/4_org_zoom.jpg;
Eka;2'li Paket Ip Askılı Fitilli Büstiyer (siyah - Beyaz);350;32040261;M;Siyah-Beyaz;instock;49.79;62.24;Içerik : %100 polyester Modelin ölçüleri Boy: 178 Göğüs : 87 Bel : 60 Kalça : 89 Beden : S / 36 / 1 Kampanya fiyatından satılmak üzere 100 adetten fazla stok sunulmuştur.İncelemiş olduğunuz ürünün satış fiyatını satıcı belirlemektedir.;https://cdn.dsmcdn.com//ty7/product/media/images/20200720/17/5385898/67995228/1/1_org_zoom.jpg,https://cdn.dsmcdn.com//ty7/product/media/images/20200720/17/5385898/67995228/2/2_org_zoom.jpg,https://cdn.dsmcdn.com//ty8/product/media/images/20200720/17/5385898/67995228/3/3_org_zoom.jpg,https://cdn.dsmcdn.com//ty7/product/media/images/20200720/17/5385898/67995228/4/4_org_zoom.jpg;
Addax;Kadın Beyaz İp Askılı Büstiyer P0682 - B7 ADX-0000019385;351;26506092;S;Beyaz;outstock;24.95;29.95;%100 PamukModelin Ölçüleri: Boy: 1.76, Göğüs: 89, Bel: 64, Kalça: 92Kampanya fiyatından satılmak üzere 100 adetten fazla stok sunulmuştur.İncelemiş olduğunuz ürünün satış fiyatını satıcı belirlemektedir.;https://cdn.dsmcdn.com//assets/product/images/7709/55931253/1/1_org_zoom.jpeg,https://cdn.dsmcdn.com//assets/product/images/7709/55931253/2/2_org_zoom.jpeg,https://cdn.dsmcdn.com//assets/product/images/7709/55931253/3/3_org_zoom.jpeg,https://cdn.dsmcdn.com//assets/product/images/7709/55931253/4/4_org_zoom.jpeg;
Addax;Kadın Beyaz İp Askılı Büstiyer P0682 - B7 ADX-0000019385;352;26506092;M;Beyaz;instock;24.95;29.95;%100 PamukModelin Ölçüleri: Boy: 1.76, Göğüs: 89, Bel: 64, Kalça: 92Kampanya fiyatından satılmak üzere 100 adetten fazla stok sunulmuştur.İncelemiş olduğunuz ürünün satış fiyatını satıcı belirlemektedir.;https://cdn.dsmcdn.com//assets/product/images/7709/55931253/1/1_org_zoom.jpeg,https://cdn.dsmcdn.com//assets/product/images/7709/55931253/2/2_org_zoom.jpeg,https://cdn.dsmcdn.com//assets/product/images/7709/55931253/3/3_org_zoom.jpeg,https://cdn.dsmcdn.com//assets/product/images/7709/55931253/4/4_org_zoom.jpeg;
Addax;Kadın Beyaz İp Askılı Büstiyer P0682 - B7 ADX-0000019385;353;26506092;L;Beyaz;instock;24.95;29.95;%100 PamukModelin Ölçüleri: Boy: 1.76, Göğüs: 89, Bel: 64, Kalça: 92Kampanya fiyatından satılmak üzere 100 adetten fazla stok sunulmuştur.İncelemiş olduğunuz ürünün satış fiyatını satıcı belirlemektedir.;https://cdn.dsmcdn.com//assets/product/images/7709/55931253/1/1_org_zoom.jpeg,https://cdn.dsmcdn.com//assets/product/images/7709/55931253/2/2_org_zoom.jpeg,https://cdn.dsmcdn.com//assets/product/images/7709/55931253/3/3_org_zoom.jpeg,https://cdn.dsmcdn.com//assets/product/images/7709/55931253/4/4_org_zoom.jpeg;
Addax;Kadın Beyaz Sıfır Kol Fitilli Bustiyer P0484 - G12 ADX-0000014161;354;5042989;S;Beyaz;outstock;24.95;29.95;Kampanya fiyatından satılmak üzere 100 adetten fazla stok sunulmuştur.İncelemiş olduğunuz ürünün satış fiyatını satıcı belirlemektedir.;https://cdn.dsmcdn.com//assets/product/media/images/20200123/9/2450065/19680923/1/1_org_zoom.jpeg,https://cdn.dsmcdn.com//assets/product/media/images/20200123/9/2450065/19680923/2/2_org_zoom.jpeg,https://cdn.dsmcdn.com//assets/product/media/images/20200123/9/2450065/19680923/3/3_org_zoom.jpeg,https://cdn.dsmcdn.com//assets/product/media/images/20200123/9/2450065/19680923/4/4_org_zoom.jpeg;
Addax;Kadın Beyaz Sıfır Kol Fitilli Bustiyer P0484 - G12 ADX-0000014161;355;5042989;M;Beyaz;instock;24.95;29.95;Kampanya fiyatından satılmak üzere 100 adetten fazla stok sunulmuştur.İncelemiş olduğunuz ürünün satış fiyatını satıcı belirlemektedir.;https://cdn.dsmcdn.com//assets/product/media/images/20200123/9/2450065/19680923/1/1_org_zoom.jpeg,https://cdn.dsmcdn.com//assets/product/media/images/20200123/9/2450065/19680923/2/2_org_zoom.jpeg,https://cdn.dsmcdn.com//assets/product/media/images/20200123/9/2450065/19680923/3/3_org_zoom.jpeg,https://cdn.dsmcdn.com//assets/product/media/images/20200123/9/2450065/19680923/4/4_org_zoom.jpeg;
Addax;Kadın Beyaz Sıfır Kol Fitilli Bustiyer P0484 - G12 ADX-0000014161;356;5042989;L;Beyaz;instock;24.95;29.95;Kampanya fiyatından satılmak üzere 100 adetten fazla stok sunulmuştur.İncelemiş olduğunuz ürünün satış fiyatını satıcı belirlemektedir.;https://cdn.dsmcdn.com//assets/product/media/images/20200123/9/2450065/19680923/1/1_org_zoom.jpeg,https://cdn.dsmcdn.com//assets/product/media/images/20200123/9/2450065/19680923/2/2_org_zoom.jpeg,https://cdn.dsmcdn.com//assets/product/media/images/20200123/9/2450065/19680923/3/3_org_zoom.jpeg,https://cdn.dsmcdn.com//assets/product/media/images/20200123/9/2450065/19680923/4/4_org_zoom.jpeg;
Eka;İp Askılı Fitilli Büstiyer;357;26595414;XS;Ekru;instock;22.42;37.38;Kampanya fiyatından satılmak üzere 100 adetten fazla stok sunulmuştur.İncelemiş olduğunuz ürünün satış fiyatını satıcı belirlemektedir.;https://cdn.dsmcdn.com//ty5/product/media/images/20200716/20/4640917/56192482/1/1_org_zoom.jpg,https://cdn.dsmcdn.com//ty5/product/media/images/20200716/20/4640917/56192482/2/2_org_zoom.jpg,https://cdn.dsmcdn.com//ty6/product/media/images/20200716/20/4640917/56192482/3/3_org_zoom.jpg,https://cdn.dsmcdn.com//ty5/product/media/images/20200716/20/4640917/56192482/4/4_org_zoom.jpg,https://cdn.dsmcdn.com//ty5/product/media/images/20200716/20/4640917/56192482/5/5_org_zoom.jpg,https://cdn.dsmcdn.com//ty5/product/media/images/20200716/20/4640917/56192482/6/6_org_zoom.jpg,https://cdn.dsmcdn.com//ty5/product/media/images/20200716/20/4640917/56192482/7/7_org_zoom.jpg;
Eka;İp Askılı Fitilli Büstiyer;358;26595414;S;Ekru;instock;22.42;37.38;Kampanya fiyatından satılmak üzere 100 adetten fazla stok sunulmuştur.İncelemiş olduğunuz ürünün satış fiyatını satıcı belirlemektedir.;https://cdn.dsmcdn.com//ty5/product/media/images/20200716/20/4640917/56192482/1/1_org_zoom.jpg,https://cdn.dsmcdn.com//ty5/product/media/images/20200716/20/4640917/56192482/2/2_org_zoom.jpg,https://cdn.dsmcdn.com//ty6/product/media/images/20200716/20/4640917/56192482/3/3_org_zoom.jpg,https://cdn.dsmcdn.com//ty5/product/media/images/20200716/20/4640917/56192482/4/4_org_zoom.jpg,https://cdn.dsmcdn.com//ty5/product/media/images/20200716/20/4640917/56192482/5/5_org_zoom.jpg,https://cdn.dsmcdn.com//ty5/product/media/images/20200716/20/4640917/56192482/6/6_org_zoom.jpg,https://cdn.dsmcdn.com//ty5/product/media/images/20200716/20/4640917/56192482/7/7_org_zoom.jpg;
Eka;İp Askılı Fitilli Büstiyer;359;26595414;M;Ekru;instock;22.42;37.38;Kampanya fiyatından satılmak üzere 100 adetten fazla stok sunulmuştur.İncelemiş olduğunuz ürünün satış fiyatını satıcı belirlemektedir.;https://cdn.dsmcdn.com//ty5/product/media/images/20200716/20/4640917/56192482/1/1_org_zoom.jpg,https://cdn.dsmcdn.com//ty5/product/media/images/20200716/20/4640917/56192482/2/2_org_zoom.jpg,https://cdn.dsmcdn.com//ty6/product/media/images/20200716/20/4640917/56192482/3/3_org_zoom.jpg,https://cdn.dsmcdn.com//ty5/product/media/images/20200716/20/4640917/56192482/4/4_org_zoom.jpg,https://cdn.dsmcdn.com//ty5/product/media/images/20200716/20/4640917/56192482/5/5_org_zoom.jpg,https://cdn.dsmcdn.com//ty5/product/media/images/20200716/20/4640917/56192482/6/6_org_zoom.jpg,https://cdn.dsmcdn.com//ty5/product/media/images/20200716/20/4640917/56192482/7/7_org_zoom.jpg;
Eka;İp Askılı Fitilli Büstiyer;360;26595414;L;Ekru;outstock;22.43;37.38;Kampanya fiyatından satılmak üzere 100 adetten fazla stok sunulmuştur.İncelemiş olduğunuz ürünün satış fiyatını satıcı belirlemektedir.;https://cdn.dsmcdn.com//ty5/product/media/images/20200716/20/4640917/56192482/1/1_org_zoom.jpg,https://cdn.dsmcdn.com//ty5/product/media/images/20200716/20/4640917/56192482/2/2_org_zoom.jpg,https://cdn.dsmcdn.com//ty6/product/media/images/20200716/20/4640917/56192482/3/3_org_zoom.jpg,https://cdn.dsmcdn.com//ty5/product/media/images/20200716/20/4640917/56192482/4/4_org_zoom.jpg,https://cdn.dsmcdn.com//ty5/product/media/images/20200716/20/4640917/56192482/5/5_org_zoom.jpg,https://cdn.dsmcdn.com//ty5/product/media/images/20200716/20/4640917/56192482/6/6_org_zoom.jpg,https://cdn.dsmcdn.com//ty5/product/media/images/20200716/20/4640917/56192482/7/7_org_zoom.jpg;
Addax;Kadın Siyah İp Askılı Büstiyer P0682 - B7 ADX-0000019385;361;26506092;S;Siyah;instock;24.95;29.95;%100 PamukModelin Ölçüleri: Boy: 1.76, Göğüs: 89, Bel: 64, Kalça: 92Kampanya fiyatından satılmak üzere 100 adetten fazla stok sunulmuştur.İncelemiş olduğunuz ürünün satış fiyatını satıcı belirlemektedir.;https://cdn.dsmcdn.com//assets/product/images/16935/56043255/1/1_org_zoom.jpeg,https://cdn.dsmcdn.com//assets/product/images/16935/56043255/2/2_org_zoom.jpeg,https://cdn.dsmcdn.com//assets/product/images/16935/56043255/3/3_org_zoom.jpeg,https://cdn.dsmcdn.com//assets/product/images/16935/56043255/4/4_org_zoom.jpeg;
Addax;Kadın Siyah İp Askılı Büstiyer P0682 - B7 ADX-0000019385;362;26506092;M;Siyah;instock;24.95;29.95;%100 PamukModelin Ölçüleri: Boy: 1.76, Göğüs: 89, Bel: 64, Kalça: 92Kampanya fiyatından satılmak üzere 100 adetten fazla stok sunulmuştur.İncelemiş olduğunuz ürünün satış fiyatını satıcı belirlemektedir.;https://cdn.dsmcdn.com//assets/product/images/16935/56043255/1/1_org_zoom.jpeg,https://cdn.dsmcdn.com//assets/product/images/16935/56043255/2/2_org_zoom.jpeg,https://cdn.dsmcdn.com//assets/product/images/16935/56043255/3/3_org_zoom.jpeg,https://cdn.dsmcdn.com//assets/product/images/16935/56043255/4/4_org_zoom.jpeg;
Addax;Kadın Siyah İp Askılı Büstiyer P0682 - B7 ADX-0000019385;363;26506092;L;Siyah;instock;24.95;29.95;%100 PamukModelin Ölçüleri: Boy: 1.76, Göğüs: 89, Bel: 64, Kalça: 92Kampanya fiyatından satılmak üzere 100 adetten fazla stok sunulmuştur.İncelemiş olduğunuz ürünün satış fiyatını satıcı belirlemektedir.;https://cdn.dsmcdn.com//assets/product/images/16935/56043255/1/1_org_zoom.jpeg,https://cdn.dsmcdn.com//assets/product/images/16935/56043255/2/2_org_zoom.jpeg,https://cdn.dsmcdn.com//assets/product/images/16935/56043255/3/3_org_zoom.jpeg,https://cdn.dsmcdn.com//assets/product/images/16935/56043255/4/4_org_zoom.jpeg;
