Brand;Name;ID;GroupID;Size;Color;Stock;Price;DiscountPrice;description;Images;Merry See;Özel Üretim Jartiyer Takım+ Çorap Hediyeli;115;27853504;S/M;Siyah;outstock;90;180;Ürün özellikleri Merry see özel üretim jartiyer takım Ürün 2 parçadan oluşmaktadır. 6 adet jartiyer ip ürüne dahildir. Standart dantelsiz jartiyer çorap ürün dahildir. 90% polyester %10 elastan Bu butikte indirim kuponları/kodları geçerli değildir.Kampanya fiyatından satılmak üzere 5 adetten az stok bulunmaktadır.İncelemiş olduğunuz ürünün satış fiyatını satıcı belirlemektedir.;https://cdn.dsmcdn.com//ty10/product/media/images/20200826/16/8864405/61252991/1/1_org_zoom.jpg;
Merry See;Dantel Siyah Jartiyer Takım (dantel Silikonlu Çoraplı) Siyah;116;29831652;S/M;Siyah;instock;40.86;47.4;Paket içeriği Ürün 3 parçadan oluşmaktadır. (jartiyer, tanga, silikonlu dantellli çorap) Kumaş bilgisi 90% polyester %10 elastan Üretim yeri Türkiye Yıkama talimatı 30 derecelik suda elle yıkayınız, gölgede kurumaya bırakınız, ağartıcı kullanmayınız. Bu butikte indirim kuponları/kodları geçerli değildir.Kampanya fiyatından satılmak üzere 10 adetten fazla stok sunulmuştur.İncelemiş olduğunuz ürünün satış fiyatını satıcı belirlemektedir.;https://cdn.dsmcdn.com//ty2/product/media/images/20200406/12/1203433/63324802/1/1_org_zoom.jpg;
Merry See;Dantel Siyah Jartiyer Takım (dantel Silikonlu Çoraplı) Siyah;117;29831652;L/XL;Siyah;outstock;40.86;47.4;Paket içeriği Ürün 3 parçadan oluşmaktadır. (jartiyer, tanga, silikonlu dantellli çorap) Kumaş bilgisi 90% polyester %10 elastan Üretim yeri Türkiye Yıkama talimatı 30 derecelik suda elle yıkayınız, gölgede kurumaya bırakınız, ağartıcı kullanmayınız. Bu butikte indirim kuponları/kodları geçerli değildir.Kampanya fiyatından satılmak üzere 10 adetten fazla stok sunulmuştur.İncelemiş olduğunuz ürünün satış fiyatını satıcı belirlemektedir.;https://cdn.dsmcdn.com//ty2/product/media/images/20200406/12/1203433/63324802/1/1_org_zoom.jpg;
ASILCE;Kadın Mor Jartiyer Takım;118;27259284;75;Mor;outstock;82.59;165.99;Jartiyer-Bustiyer set ürün orijinal ambalajında bustiyer, alt çamaşır, çorap kemeri ve çorap olarak 4lü takımdır. Azo test onaylı olup türkiye de üretilmiştir. Kampanya fiyatından satılmak üzere 5 adetten az stok bulunmaktadır.İncelemiş olduğunuz ürünün satış fiyatını satıcı belirlemektedir.;https://cdn.dsmcdn.com/https://cdn.dsmcdn.com//web/production/legal-requirement-card-new-white.png;
ASILCE;Kadın Mor Jartiyer Takım;119;27259284;80;Mor;outstock;82.59;165.99;Jartiyer-Bustiyer set ürün orijinal ambalajında bustiyer, alt çamaşır, çorap kemeri ve çorap olarak 4lü takımdır. Azo test onaylı olup türkiye de üretilmiştir. Kampanya fiyatından satılmak üzere 5 adetten az stok bulunmaktadır.İncelemiş olduğunuz ürünün satış fiyatını satıcı belirlemektedir.;https://cdn.dsmcdn.com/https://cdn.dsmcdn.com//web/production/legal-requirement-card-new-white.png;
ASILCE;Kadın Mor Jartiyer Takım;120;27259284;85;Mor;outstock;82.59;165.99;Jartiyer-Bustiyer set ürün orijinal ambalajında bustiyer, alt çamaşır, çorap kemeri ve çorap olarak 4lü takımdır. Azo test onaylı olup türkiye de üretilmiştir. Kampanya fiyatından satılmak üzere 5 adetten az stok bulunmaktadır.İncelemiş olduğunuz ürünün satış fiyatını satıcı belirlemektedir.;https://cdn.dsmcdn.com/https://cdn.dsmcdn.com//web/production/legal-requirement-card-new-white.png;
ASILCE;Kadın Mor Jartiyer Takım;121;27259284;90;Mor;outstock;69.99;165.99;Jartiyer-Bustiyer set ürün orijinal ambalajında bustiyer, alt çamaşır, çorap kemeri ve çorap olarak 4lü takımdır. Azo test onaylı olup türkiye de üretilmiştir. Kampanya fiyatından satılmak üzere 5 adetten az stok bulunmaktadır.İncelemiş olduğunuz ürünün satış fiyatını satıcı belirlemektedir.;https://cdn.dsmcdn.com/https://cdn.dsmcdn.com//web/production/legal-requirement-card-new-white.png;
Pierre Cardin;4039 Destekli Büstiyer Takımı;122;180618;75B;EKRU;instock;152;199;%90 polyamid %10 elastandestekli (dolgulu kap / push up) dantelli büstiyer takımBu butikte indirim kuponları/kodları geçerli değildir.Kampanya fiyatından satılmak üzere 5 adetten fazla stok sunulmuştur.İncelemiş olduğunuz ürünün satış fiyatını satıcı belirlemektedir.;https://cdn.dsmcdn.com/https://cdn.dsmcdn.com//web/production/legal-requirement-card-new-white.png;
Mite Love;Dokuma Dantelli Jartiyer Çorabı Beyaz;123;3854670;S;Beyaz;instock;7.92;17.9;MİTE LOVE DOKUMA DANTELLİ JARTİYER ÇORABI BEYAZMARKA Mite Love ÜRETİM YERİ: Türkiye ÜRÜN ÖZELLİĞİ: Dokuma Dantelli Kumaştam ÜretilmiştirKumaş Yapısı Transparan LikradırRenkleri Orjinaldir Boya İçermezUzun Süre Kullanım İçin, Önerilen yıkama sıcaklığı için, Yıkama talimatı Kutu üzerindeki açıklamalara uyunuzRenkliler için çamaşır suyu ya da ağartıcı madde içermeyen deterjan kullanılması, açık ve koyu renklerin ayrı ayrı yıkanması önerilirRENK: BeyazPAKET İÇERİĞİ: Jartiyer Çorabı Editörün Notu:Mite Love Dokuma Dantelli Jartiyer Çorabı Beyaz Mite Love ürünleriyle bütün gözlerin üstünüzde olmasına hazır olun!Klasik olan tasarımlardan sıkıldıysanız Mite Love ürünleri tam sizlere göre...Kaliteli ürün kumaşıyla beraber sizlere en uygun fiyat avantajını sunabilmek için var gücümüzle çalışmalarımıza devam etmekteyiz.Mite Love Dokuma Dantelli Jartiyer Çorabı Beyaz Modaya yön veren bir marka haline gelen Mite Love, sizlere için çeşitliliğini de arttırarak hangisini alsam diye düşünmekten başka bir seçenek sizlere bırakmıyorKampanya fiyatından satılmak üzere 10 adetten fazla stok sunulmuştur.İncelemiş olduğunuz ürünün satış fiyatını satıcı belirlemektedir.;https://cdn.dsmcdn.com/https://cdn.dsmcdn.com//web/production/legal-requirement-card-new-white.png;
Mite Love;Dokuma Dantelli Jartiyer Çorabı Beyaz;124;3854670;M;Beyaz;instock;7.92;17.9;MİTE LOVE DOKUMA DANTELLİ JARTİYER ÇORABI BEYAZMARKA Mite Love ÜRETİM YERİ: Türkiye ÜRÜN ÖZELLİĞİ: Dokuma Dantelli Kumaştam ÜretilmiştirKumaş Yapısı Transparan LikradırRenkleri Orjinaldir Boya İçermezUzun Süre Kullanım İçin, Önerilen yıkama sıcaklığı için, Yıkama talimatı Kutu üzerindeki açıklamalara uyunuzRenkliler için çamaşır suyu ya da ağartıcı madde içermeyen deterjan kullanılması, açık ve koyu renklerin ayrı ayrı yıkanması önerilirRENK: BeyazPAKET İÇERİĞİ: Jartiyer Çorabı Editörün Notu:Mite Love Dokuma Dantelli Jartiyer Çorabı Beyaz Mite Love ürünleriyle bütün gözlerin üstünüzde olmasına hazır olun!Klasik olan tasarımlardan sıkıldıysanız Mite Love ürünleri tam sizlere göre...Kaliteli ürün kumaşıyla beraber sizlere en uygun fiyat avantajını sunabilmek için var gücümüzle çalışmalarımıza devam etmekteyiz.Mite Love Dokuma Dantelli Jartiyer Çorabı Beyaz Modaya yön veren bir marka haline gelen Mite Love, sizlere için çeşitliliğini de arttırarak hangisini alsam diye düşünmekten başka bir seçenek sizlere bırakmıyorKampanya fiyatından satılmak üzere 10 adetten fazla stok sunulmuştur.İncelemiş olduğunuz ürünün satış fiyatını satıcı belirlemektedir.;https://cdn.dsmcdn.com/https://cdn.dsmcdn.com//web/production/legal-requirement-card-new-white.png;
Mite Love;Dokuma Dantelli Jartiyer Çorabı Beyaz;125;3854670;L;Beyaz;instock;7.92;17.9;MİTE LOVE DOKUMA DANTELLİ JARTİYER ÇORABI BEYAZMARKA Mite Love ÜRETİM YERİ: Türkiye ÜRÜN ÖZELLİĞİ: Dokuma Dantelli Kumaştam ÜretilmiştirKumaş Yapısı Transparan LikradırRenkleri Orjinaldir Boya İçermezUzun Süre Kullanım İçin, Önerilen yıkama sıcaklığı için, Yıkama talimatı Kutu üzerindeki açıklamalara uyunuzRenkliler için çamaşır suyu ya da ağartıcı madde içermeyen deterjan kullanılması, açık ve koyu renklerin ayrı ayrı yıkanması önerilirRENK: BeyazPAKET İÇERİĞİ: Jartiyer Çorabı Editörün Notu:Mite Love Dokuma Dantelli Jartiyer Çorabı Beyaz Mite Love ürünleriyle bütün gözlerin üstünüzde olmasına hazır olun!Klasik olan tasarımlardan sıkıldıysanız Mite Love ürünleri tam sizlere göre...Kaliteli ürün kumaşıyla beraber sizlere en uygun fiyat avantajını sunabilmek için var gücümüzle çalışmalarımıza devam etmekteyiz.Mite Love Dokuma Dantelli Jartiyer Çorabı Beyaz Modaya yön veren bir marka haline gelen Mite Love, sizlere için çeşitliliğini de arttırarak hangisini alsam diye düşünmekten başka bir seçenek sizlere bırakmıyorKampanya fiyatından satılmak üzere 10 adetten fazla stok sunulmuştur.İncelemiş olduğunuz ürünün satış fiyatını satıcı belirlemektedir.;https://cdn.dsmcdn.com/https://cdn.dsmcdn.com//web/production/legal-requirement-card-new-white.png;
Mite Love;Dokuma Dantelli Jartiyer Çorabı Beyaz;126;3854670;XL;Beyaz;instock;7.92;17.9;MİTE LOVE DOKUMA DANTELLİ JARTİYER ÇORABI BEYAZMARKA Mite Love ÜRETİM YERİ: Türkiye ÜRÜN ÖZELLİĞİ: Dokuma Dantelli Kumaştam ÜretilmiştirKumaş Yapısı Transparan LikradırRenkleri Orjinaldir Boya İçermezUzun Süre Kullanım İçin, Önerilen yıkama sıcaklığı için, Yıkama talimatı Kutu üzerindeki açıklamalara uyunuzRenkliler için çamaşır suyu ya da ağartıcı madde içermeyen deterjan kullanılması, açık ve koyu renklerin ayrı ayrı yıkanması önerilirRENK: BeyazPAKET İÇERİĞİ: Jartiyer Çorabı Editörün Notu:Mite Love Dokuma Dantelli Jartiyer Çorabı Beyaz Mite Love ürünleriyle bütün gözlerin üstünüzde olmasına hazır olun!Klasik olan tasarımlardan sıkıldıysanız Mite Love ürünleri tam sizlere göre...Kaliteli ürün kumaşıyla beraber sizlere en uygun fiyat avantajını sunabilmek için var gücümüzle çalışmalarımıza devam etmekteyiz.Mite Love Dokuma Dantelli Jartiyer Çorabı Beyaz Modaya yön veren bir marka haline gelen Mite Love, sizlere için çeşitliliğini de arttırarak hangisini alsam diye düşünmekten başka bir seçenek sizlere bırakmıyorKampanya fiyatından satılmak üzere 10 adetten fazla stok sunulmuştur.İncelemiş olduğunuz ürünün satış fiyatını satıcı belirlemektedir.;https://cdn.dsmcdn.com/https://cdn.dsmcdn.com//web/production/legal-requirement-card-new-white.png;
Orkide;Çiçekli Balenli Push-up Sütyenli Jartiyer Sofia Jar;127;31275779;75B;Siyah;outstock;190;190;Ürün Özellikleri Ürün 4 Parçadan Oluşmaktadır. ? Askı Tarzı: Askılı? Külot Seçimi: Tanga? Destek / Dolgu: Destekli / Push-Up? Balen (Tel) Seçimi: Balenli (Telli)? Askı Seçimi: Ayarlanabilir Askı, Çıkarılabilir Askı? Kap Ölçüsü: B? Desen Seçimi: Çiçekli? Büyük Beden: Büyük Bedeni Bulunmamaktadır.? Kumaş Özelliği: %80 Naylon, %20 Elastan Ürünün Siyah, Ekru, Kırmızı Renk Seçenekleri Ve 75B, 80B, 85B, 90B Bedenleri Mevcuttur. Ürün Parça Detayı Kadın Sütyen: Straplez, Ayarlanabilir Ve Çıkarılabilir Askılı, Kaplı, Balenli, Kap Kısmı Ve Bant Kısmı Dantelli, Kap Çevresi Ve Bant Kısmı Dalgalı Kesim Çıkıntılı, Naylon Kumaşlı Destekli / Push-Up Straplez SütyenKadın Jartiyer: Transparan Dantel Ve Çiçek Desenli, Naylon Kumaşlı JartiyerKadın Külot: Tanga KülotKadın Jartiyer Çorap: Bant Kısmı Çiçek Desenli Jartiyer Çorabı Kampanya fiyatından satılmak üzere 50 adetten fazla stok sunulmuştur.İncelemiş olduğunuz ürünün satış fiyatını satıcı belirlemektedir.;https://cdn.dsmcdn.com//assets/dev/product/media/images/20200326/15/497964/66318110/1/1_org_zoom.jpg;
Orkide;Çiçekli Balenli Push-up Sütyenli Jartiyer Sofia Jar;128;31275779;80B;Siyah;outstock;119.99;119.99;Ürün Özellikleri Ürün 4 Parçadan Oluşmaktadır. ? Askı Tarzı: Askılı? Külot Seçimi: Tanga? Destek / Dolgu: Destekli / Push-Up? Balen (Tel) Seçimi: Balenli (Telli)? Askı Seçimi: Ayarlanabilir Askı, Çıkarılabilir Askı? Kap Ölçüsü: B? Desen Seçimi: Çiçekli? Büyük Beden: Büyük Bedeni Bulunmamaktadır.? Kumaş Özelliği: %80 Naylon, %20 Elastan Ürünün Siyah, Ekru, Kırmızı Renk Seçenekleri Ve 75B, 80B, 85B, 90B Bedenleri Mevcuttur. Ürün Parça Detayı Kadın Sütyen: Straplez, Ayarlanabilir Ve Çıkarılabilir Askılı, Kaplı, Balenli, Kap Kısmı Ve Bant Kısmı Dantelli, Kap Çevresi Ve Bant Kısmı Dalgalı Kesim Çıkıntılı, Naylon Kumaşlı Destekli / Push-Up Straplez SütyenKadın Jartiyer: Transparan Dantel Ve Çiçek Desenli, Naylon Kumaşlı JartiyerKadın Külot: Tanga KülotKadın Jartiyer Çorap: Bant Kısmı Çiçek Desenli Jartiyer Çorabı Kampanya fiyatından satılmak üzere 50 adetten fazla stok sunulmuştur.İncelemiş olduğunuz ürünün satış fiyatını satıcı belirlemektedir.;https://cdn.dsmcdn.com//assets/dev/product/media/images/20200326/15/497964/66318110/1/1_org_zoom.jpg;
Orkide;Çiçekli Balenli Push-up Sütyenli Jartiyer Sofia Jar;129;31275779;90B;Siyah;instock;119.99;119.99;Ürün Özellikleri Ürün 4 Parçadan Oluşmaktadır. ? Askı Tarzı: Askılı? Külot Seçimi: Tanga? Destek / Dolgu: Destekli / Push-Up? Balen (Tel) Seçimi: Balenli (Telli)? Askı Seçimi: Ayarlanabilir Askı, Çıkarılabilir Askı? Kap Ölçüsü: B? Desen Seçimi: Çiçekli? Büyük Beden: Büyük Bedeni Bulunmamaktadır.? Kumaş Özelliği: %80 Naylon, %20 Elastan Ürünün Siyah, Ekru, Kırmızı Renk Seçenekleri Ve 75B, 80B, 85B, 90B Bedenleri Mevcuttur. Ürün Parça Detayı Kadın Sütyen: Straplez, Ayarlanabilir Ve Çıkarılabilir Askılı, Kaplı, Balenli, Kap Kısmı Ve Bant Kısmı Dantelli, Kap Çevresi Ve Bant Kısmı Dalgalı Kesim Çıkıntılı, Naylon Kumaşlı Destekli / Push-Up Straplez SütyenKadın Jartiyer: Transparan Dantel Ve Çiçek Desenli, Naylon Kumaşlı JartiyerKadın Külot: Tanga KülotKadın Jartiyer Çorap: Bant Kısmı Çiçek Desenli Jartiyer Çorabı Kampanya fiyatından satılmak üzere 50 adetten fazla stok sunulmuştur.İncelemiş olduğunuz ürünün satış fiyatını satıcı belirlemektedir.;https://cdn.dsmcdn.com//assets/dev/product/media/images/20200326/15/497964/66318110/1/1_org_zoom.jpg;
Merry See;Beyaz Etekli Jartiyer + Çorap Hediyeli;130;27559793;S/M;Beyaz;instock;19.42;32.36;ÜRÜN ÖZELLİKLERİ Merry See Beyaz Etekli Jartiyer Ürün 2 Parçadan Oluşmaktadır. Sütyen dahil değildir, Standart Dantelsiz Jartiyer Çorap ürün dahildir. 90% Polyester %10 Elastan Kampanya fiyatından satılmak üzere 100 adetten fazla stok sunulmuştur.İncelemiş olduğunuz ürünün satış fiyatını satıcı belirlemektedir.;https://cdn.dsmcdn.com/https://cdn.dsmcdn.com//web/production/legal-requirement-card-new-white.png;
Merry See;Beyaz Etekli Jartiyer + Çorap Hediyeli;131;27559793;L/XL;Beyaz;instock;19.42;32.36;ÜRÜN ÖZELLİKLERİ Merry See Beyaz Etekli Jartiyer Ürün 2 Parçadan Oluşmaktadır. Sütyen dahil değildir, Standart Dantelsiz Jartiyer Çorap ürün dahildir. 90% Polyester %10 Elastan Kampanya fiyatından satılmak üzere 100 adetten fazla stok sunulmuştur.İncelemiş olduğunuz ürünün satış fiyatını satıcı belirlemektedir.;https://cdn.dsmcdn.com/https://cdn.dsmcdn.com//web/production/legal-requirement-card-new-white.png;
Merry See;Beyaz Etekli Jartiyer + Çorap Hediyeli;132;27559793;Tek Ebat;Beyaz;outstock;19.42;32.36;ÜRÜN ÖZELLİKLERİ Merry See Beyaz Etekli Jartiyer Ürün 2 Parçadan Oluşmaktadır. Sütyen dahil değildir, Standart Dantelsiz Jartiyer Çorap ürün dahildir. 90% Polyester %10 Elastan Kampanya fiyatından satılmak üzere 100 adetten fazla stok sunulmuştur.İncelemiş olduğunuz ürünün satış fiyatını satıcı belirlemektedir.;https://cdn.dsmcdn.com/https://cdn.dsmcdn.com//web/production/legal-requirement-card-new-white.png;
GİYİMX;Kadın Siyah Kelepçeli Jartiyer Takım;133;5244105;S/M;Siyah;instock;69.99;111.86;Ürün 3 parçadan oluşmaktaJartiyer, kelepçe, string külot Ürüne dantelsiz çorap dahildir.Kampanya fiyatından satılmak üzere 100 adetten fazla stok sunulmuştur.İncelemiş olduğunuz ürünün satış fiyatını satıcı belirlemektedir.;https://cdn.dsmcdn.com/https://cdn.dsmcdn.com//web/production/legal-requirement-card-new-white.png;
GİYİMX;Kadın Siyah Kelepçeli Jartiyer Takım;134;5244105;L/XL;Siyah;instock;46.99;111.86;Ürün 3 parçadan oluşmaktaJartiyer, kelepçe, string külot Ürüne dantelsiz çorap dahildir.Kampanya fiyatından satılmak üzere 100 adetten fazla stok sunulmuştur.İncelemiş olduğunuz ürünün satış fiyatını satıcı belirlemektedir.;https://cdn.dsmcdn.com/https://cdn.dsmcdn.com//web/production/legal-requirement-card-new-white.png;
Mite Love;Kadın Siyah Jartiyer Takım Fileli Tasarım;135;26504410;S;SİYAH;instock;40.74;89.9;Kampanya fiyatından satılmak üzere 50 adetten fazla stok sunulmuştur.İncelemiş olduğunuz ürünün satış fiyatını satıcı belirlemektedir.;https://cdn.dsmcdn.com/https://cdn.dsmcdn.com//web/production/legal-requirement-card-new-white.png;
Mite Love;Kadın Siyah Jartiyer Takım Fileli Tasarım;136;26504410;M;SİYAH;instock;40.74;89.9;Kampanya fiyatından satılmak üzere 50 adetten fazla stok sunulmuştur.İncelemiş olduğunuz ürünün satış fiyatını satıcı belirlemektedir.;https://cdn.dsmcdn.com/https://cdn.dsmcdn.com//web/production/legal-requirement-card-new-white.png;
Mite Love;Kadın Siyah Jartiyer Takım Fileli Tasarım;137;26504410;L;SİYAH;instock;40.74;89.9;Kampanya fiyatından satılmak üzere 50 adetten fazla stok sunulmuştur.İncelemiş olduğunuz ürünün satış fiyatını satıcı belirlemektedir.;https://cdn.dsmcdn.com/https://cdn.dsmcdn.com//web/production/legal-requirement-card-new-white.png;
Mite Love;Kadın Siyah Jartiyer Takım Fileli Tasarım;138;26504410;XL;SİYAH;instock;40.74;89.9;Kampanya fiyatından satılmak üzere 50 adetten fazla stok sunulmuştur.İncelemiş olduğunuz ürünün satış fiyatını satıcı belirlemektedir.;https://cdn.dsmcdn.com/https://cdn.dsmcdn.com//web/production/legal-requirement-card-new-white.png;
GİYİMX;Kadın Kırmızı Kelepçeli Jartiyer Takım;139;27500897;S/M;Kırmızı;instock;66.99;111.86;Ürün 4 parçadan oluşmaktadır. Jartiyer, String Külot, Kelepçe, Dantelsiz Çorap. Ürünün hijyen/koruma bandı çıkarıldığında iadesi kabul edilemeyecektir.Kampanya fiyatından satılmak üzere 100 adetten fazla stok sunulmuştur.İncelemiş olduğunuz ürünün satış fiyatını satıcı belirlemektedir.;https://cdn.dsmcdn.com/https://cdn.dsmcdn.com//web/production/legal-requirement-card-new-white.png;
GİYİMX;Kadın Kırmızı Kelepçeli Jartiyer Takım;140;27500897;L/XL;Kırmızı;instock;45.99;111.86;Ürün 4 parçadan oluşmaktadır. Jartiyer, String Külot, Kelepçe, Dantelsiz Çorap. Ürünün hijyen/koruma bandı çıkarıldığında iadesi kabul edilemeyecektir.Kampanya fiyatından satılmak üzere 100 adetten fazla stok sunulmuştur.İncelemiş olduğunuz ürünün satış fiyatını satıcı belirlemektedir.;https://cdn.dsmcdn.com/https://cdn.dsmcdn.com//web/production/legal-requirement-card-new-white.png;
Merry See;Dantel Jartiyerli Gecelik + Çorap;141;28470940;S/M;Siyah;instock;48.65;95.08;ÜRÜN ÖZELLİKLERİ Merry See Büyük Beden Dantel Jartiyerli Gecelik Ürün 2 Parçadan Oluşmaktadır. (Gecelik , Külot ) Standart Dantelsiz Jartiyer Çorap ürün dahildir. Beden: Standart XL-XXXL Esnek 90% Polyester %10 Elastan Kampanya fiyatından satılmak üzere 100 adetten fazla stok sunulmuştur.İncelemiş olduğunuz ürünün satış fiyatını satıcı belirlemektedir.;https://cdn.dsmcdn.com/https://cdn.dsmcdn.com//web/production/legal-requirement-card-new-white.png;
Merry See;Dantel Jartiyerli Gecelik + Çorap;142;28470940;L/XL;Siyah;instock;48.65;95.08;ÜRÜN ÖZELLİKLERİ Merry See Büyük Beden Dantel Jartiyerli Gecelik Ürün 2 Parçadan Oluşmaktadır. (Gecelik , Külot ) Standart Dantelsiz Jartiyer Çorap ürün dahildir. Beden: Standart XL-XXXL Esnek 90% Polyester %10 Elastan Kampanya fiyatından satılmak üzere 100 adetten fazla stok sunulmuştur.İncelemiş olduğunuz ürünün satış fiyatını satıcı belirlemektedir.;https://cdn.dsmcdn.com/https://cdn.dsmcdn.com//web/production/legal-requirement-card-new-white.png;
Merry See;Dantel Jartiyerli Gecelik + Çorap;143;28470940;2XL;Siyah;instock;48.65;95.08;ÜRÜN ÖZELLİKLERİ Merry See Büyük Beden Dantel Jartiyerli Gecelik Ürün 2 Parçadan Oluşmaktadır. (Gecelik , Külot ) Standart Dantelsiz Jartiyer Çorap ürün dahildir. Beden: Standart XL-XXXL Esnek 90% Polyester %10 Elastan Kampanya fiyatından satılmak üzere 100 adetten fazla stok sunulmuştur.İncelemiş olduğunuz ürünün satış fiyatını satıcı belirlemektedir.;https://cdn.dsmcdn.com/https://cdn.dsmcdn.com//web/production/legal-requirement-card-new-white.png;
Mite Love;Kadın Beyaz Jartiyer Takım;144;26504323;S;BEYAZ;instock;35.94;89.9;Kampanya fiyatından satılmak üzere 50 adetten fazla stok sunulmuştur.İncelemiş olduğunuz ürünün satış fiyatını satıcı belirlemektedir.;https://cdn.dsmcdn.com/https://cdn.dsmcdn.com//web/production/legal-requirement-card-new-white.png;
Mite Love;Kadın Beyaz Jartiyer Takım;145;26504323;M;BEYAZ;instock;35.94;89.9;Kampanya fiyatından satılmak üzere 50 adetten fazla stok sunulmuştur.İncelemiş olduğunuz ürünün satış fiyatını satıcı belirlemektedir.;https://cdn.dsmcdn.com/https://cdn.dsmcdn.com//web/production/legal-requirement-card-new-white.png;
Mite Love;Kadın Beyaz Jartiyer Takım;146;26504323;L;BEYAZ;instock;35.94;89.9;Kampanya fiyatından satılmak üzere 50 adetten fazla stok sunulmuştur.İncelemiş olduğunuz ürünün satış fiyatını satıcı belirlemektedir.;https://cdn.dsmcdn.com/https://cdn.dsmcdn.com//web/production/legal-requirement-card-new-white.png;
Mite Love;Kadın Beyaz Jartiyer Takım;147;26504323;XL;BEYAZ;instock;35.94;89.9;Kampanya fiyatından satılmak üzere 50 adetten fazla stok sunulmuştur.İncelemiş olduğunuz ürünün satış fiyatını satıcı belirlemektedir.;https://cdn.dsmcdn.com/https://cdn.dsmcdn.com//web/production/legal-requirement-card-new-white.png;
Merry See;Siyah Jartiyer Takım + Çorap;148;28807319;S/M;Siyah;outstock;20.81;47.48;Paket içeriği Ürün 2 parçadan oluşmaktadır. Standart dantelsiz jartiyer çorap ürün dahildir. Kumaş bilgisi 90% polyester %10 elastan Üretim yeri Türkiye Yıkama talimatı 30 derecelik suda elle yıkayınız, gölgede kurumaya bırakınız, ağartıcı kullanmayınız. "kozmetik ve kişisel bakım ürünleri, iç giyim ürünleri, mayo, bikini, kitap, kopyalanabilir yazılım ve programlar, dvd, vcd, cd ve kasetler ile kırtasiye sarf malzemeleri (toner, kartuş, şerit vb.) ancak ambalajı açılmamış, denenmemiş, bozulmamış ve kullanılmamış olmaları halinde iade edilebilir." Bu iadeler kesinlikle kabul edilmeyecektir. Lütfen ürünü alırken beden ölçülerinize göre alınız. Kampanya fiyatından satılmak üzere 100 adetten fazla stok sunulmuştur.İncelemiş olduğunuz ürünün satış fiyatını satıcı belirlemektedir.;https://cdn.dsmcdn.com//ty4/product/media/images/20200603/13/2183133/61930419/1/1_org_zoom.jpg,https://cdn.dsmcdn.com//ty3/product/media/images/20200603/13/2183133/61930419/2/2_org_zoom.jpg;
Merry See;Siyah Jartiyer Takım + Çorap;149;28807319;L/XL;Siyah;instock;20.81;47.48;Paket içeriği Ürün 2 parçadan oluşmaktadır. Standart dantelsiz jartiyer çorap ürün dahildir. Kumaş bilgisi 90% polyester %10 elastan Üretim yeri Türkiye Yıkama talimatı 30 derecelik suda elle yıkayınız, gölgede kurumaya bırakınız, ağartıcı kullanmayınız. "kozmetik ve kişisel bakım ürünleri, iç giyim ürünleri, mayo, bikini, kitap, kopyalanabilir yazılım ve programlar, dvd, vcd, cd ve kasetler ile kırtasiye sarf malzemeleri (toner, kartuş, şerit vb.) ancak ambalajı açılmamış, denenmemiş, bozulmamış ve kullanılmamış olmaları halinde iade edilebilir." Bu iadeler kesinlikle kabul edilmeyecektir. Lütfen ürünü alırken beden ölçülerinize göre alınız. Kampanya fiyatından satılmak üzere 100 adetten fazla stok sunulmuştur.İncelemiş olduğunuz ürünün satış fiyatını satıcı belirlemektedir.;https://cdn.dsmcdn.com//ty4/product/media/images/20200603/13/2183133/61930419/1/1_org_zoom.jpg,https://cdn.dsmcdn.com//ty3/product/media/images/20200603/13/2183133/61930419/2/2_org_zoom.jpg;
Merry See;Siyah Jartiyer Takım + Çorap;150;28807319;Tek Ebat;Siyah;outstock;20.81;47.48;Paket içeriği Ürün 2 parçadan oluşmaktadır. Standart dantelsiz jartiyer çorap ürün dahildir. Kumaş bilgisi 90% polyester %10 elastan Üretim yeri Türkiye Yıkama talimatı 30 derecelik suda elle yıkayınız, gölgede kurumaya bırakınız, ağartıcı kullanmayınız. "kozmetik ve kişisel bakım ürünleri, iç giyim ürünleri, mayo, bikini, kitap, kopyalanabilir yazılım ve programlar, dvd, vcd, cd ve kasetler ile kırtasiye sarf malzemeleri (toner, kartuş, şerit vb.) ancak ambalajı açılmamış, denenmemiş, bozulmamış ve kullanılmamış olmaları halinde iade edilebilir." Bu iadeler kesinlikle kabul edilmeyecektir. Lütfen ürünü alırken beden ölçülerinize göre alınız. Kampanya fiyatından satılmak üzere 100 adetten fazla stok sunulmuştur.İncelemiş olduğunuz ürünün satış fiyatını satıcı belirlemektedir.;https://cdn.dsmcdn.com//ty4/product/media/images/20200603/13/2183133/61930419/1/1_org_zoom.jpg,https://cdn.dsmcdn.com//ty3/product/media/images/20200603/13/2183133/61930419/2/2_org_zoom.jpg;
Angels Passion;Zincir Tasmalı Deri Jartiyer Takım - Apft233;151;32885522;S/M;Siyah;instock;99.9;142.71;Zincir Tasmalı Deri Jartiyer Takım isimli Harness ürünümüz ile dilerseniz hem özel yaşantınızda wamp bir görünüme ulaşabilir, dilerseniz günlük yaşantınızda şık bir aksesuar olarak kullanabilirsiniz. Ürün, el yapımı özel tasarım modeldir. Ürün Türü : Harness (Deri) - Günlük Kullanıma Uygun Beden Seçenekleri : S / M / L / XL Renk Seçeneği : Siyah Malzeme : Suni Deri Üretim Yeri : Türkiye Ürün İçeriği : 4 Parça. Alt, üst harness, tasma ve çorap (İç çamaşırlar dahil değildir.) Bu butikte indirim kuponları/kodları geçerli değildir.Kampanya fiyatından satılmak üzere 100 adetten fazla stok sunulmuştur.İncelemiş olduğunuz ürünün satış fiyatını satıcı belirlemektedir.;https://cdn.dsmcdn.com//ty8/product/media/images/20200724/17/5875743/69712866/1/1_org_zoom.jpg,https://cdn.dsmcdn.com//ty8/product/media/images/20200724/17/5875743/69712866/2/2_org_zoom.jpg,https://cdn.dsmcdn.com//ty7/product/media/images/20200724/17/5875743/69712866/3/3_org_zoom.jpg;
Angels Passion;Zincir Tasmalı Deri Jartiyer Takım - Apft233;152;32885522;L/XL;Siyah;instock;99.9;142.71;Zincir Tasmalı Deri Jartiyer Takım isimli Harness ürünümüz ile dilerseniz hem özel yaşantınızda wamp bir görünüme ulaşabilir, dilerseniz günlük yaşantınızda şık bir aksesuar olarak kullanabilirsiniz. Ürün, el yapımı özel tasarım modeldir. Ürün Türü : Harness (Deri) - Günlük Kullanıma Uygun Beden Seçenekleri : S / M / L / XL Renk Seçeneği : Siyah Malzeme : Suni Deri Üretim Yeri : Türkiye Ürün İçeriği : 4 Parça. Alt, üst harness, tasma ve çorap (İç çamaşırlar dahil değildir.) Bu butikte indirim kuponları/kodları geçerli değildir.Kampanya fiyatından satılmak üzere 100 adetten fazla stok sunulmuştur.İncelemiş olduğunuz ürünün satış fiyatını satıcı belirlemektedir.;https://cdn.dsmcdn.com//ty8/product/media/images/20200724/17/5875743/69712866/1/1_org_zoom.jpg,https://cdn.dsmcdn.com//ty8/product/media/images/20200724/17/5875743/69712866/2/2_org_zoom.jpg,https://cdn.dsmcdn.com//ty7/product/media/images/20200724/17/5875743/69712866/3/3_org_zoom.jpg;
Merry See;Kırmızı Dantelsiz Jartiyer Çorabı;153;27935275;;Kırmızı;instock;4.1;11.79;Paket içeriğiürün 2 parçadan oluşmaktadır.Kumaş bilgisi90% polyester %10 elastanüretim yeritürkiyeyıkama talimatı30 derecelik suda elle yıkayınız, gölgede kurumaya bırakınız, ağartıcı kullanmayınız. Kampanya fiyatından satılmak üzere 100 adetten fazla stok sunulmuştur.İncelemiş olduğunuz ürünün satış fiyatını satıcı belirlemektedir.;https://cdn.dsmcdn.com//ty4/product/media/images/20200603/13/2183404/59261062/1/1_org_zoom.jpg,https://cdn.dsmcdn.com//ty4/product/media/images/20200603/13/2183404/59261062/2/2_org_zoom.jpg;
Merry See;Kadın Geniş File Jartiyer Çorabı;154;30960277;;Kırmızı;instock;12.46;35.59;Kampanya fiyatından satılmak üzere 100 adetten fazla stok sunulmuştur.İncelemiş olduğunuz ürünün satış fiyatını satıcı belirlemektedir.;https://cdn.dsmcdn.com//ty1/product/media/images/20200428/14/343565/65605832/1/1_org_zoom.jpeg;
Mite Love;Jartiyer Çorabı Beyaz File Dantelli Silikonlu;155;27312445;S;BEYAZ;instock;13.74;29.9;Marka mite love üretim yeri türkiye ürün özelliği file dantelli silikonlu paket içeriği 2 adet dantelli jartiyer çorap editörün notu daha seksi mi görünmek istiyorsunuz ? Yoksa cezbedici bir görünüşe bürünerek partnerinizi size karşı zayıf düşmesini mi arzuluyorsunuz ? Kontrol artık siz hanımlarda ! Iddialı tasarımları ile kusurlarınızı örten yapısıyla partnerinizin aklını başından alacaksınız ! Özgüveninizi tekrar kazanacak güçlü duruşunuz ile ipler tamamı ile sizde olacak ! Mite love çorapları tam sizlere göre ! Artık eskisine göre daha şık ve seksi görüneceksiniz ! mite love'un özenle seçtiği mite love jartiyer çorabı beyaz file dantelli silikonlu modelini sizlerin beğenisine sunuyoruz. Son derece kaliteli kumaş yapısıyla uzun süreli kullanımlarda dahi ilk günkü gibi memnun kalacaksınız. %100 hijyenik ve sağlıklı yapısıyla mite love fantezi giyimleri kısa sürede çiftlerin beğenisini kazanmıştır. Kampanya fiyatından satılmak üzere 50 adetten fazla stok sunulmuştur.İncelemiş olduğunuz ürünün satış fiyatını satıcı belirlemektedir.;https://cdn.dsmcdn.com/https://cdn.dsmcdn.com//web/production/legal-requirement-card-new-white.png;
Mite Love;Jartiyer Çorabı Beyaz File Dantelli Silikonlu;156;27312445;M;BEYAZ;instock;13.74;29.9;Marka mite love üretim yeri türkiye ürün özelliği file dantelli silikonlu paket içeriği 2 adet dantelli jartiyer çorap editörün notu daha seksi mi görünmek istiyorsunuz ? Yoksa cezbedici bir görünüşe bürünerek partnerinizi size karşı zayıf düşmesini mi arzuluyorsunuz ? Kontrol artık siz hanımlarda ! Iddialı tasarımları ile kusurlarınızı örten yapısıyla partnerinizin aklını başından alacaksınız ! Özgüveninizi tekrar kazanacak güçlü duruşunuz ile ipler tamamı ile sizde olacak ! Mite love çorapları tam sizlere göre ! Artık eskisine göre daha şık ve seksi görüneceksiniz ! mite love'un özenle seçtiği mite love jartiyer çorabı beyaz file dantelli silikonlu modelini sizlerin beğenisine sunuyoruz. Son derece kaliteli kumaş yapısıyla uzun süreli kullanımlarda dahi ilk günkü gibi memnun kalacaksınız. %100 hijyenik ve sağlıklı yapısıyla mite love fantezi giyimleri kısa sürede çiftlerin beğenisini kazanmıştır. Kampanya fiyatından satılmak üzere 50 adetten fazla stok sunulmuştur.İncelemiş olduğunuz ürünün satış fiyatını satıcı belirlemektedir.;https://cdn.dsmcdn.com/https://cdn.dsmcdn.com//web/production/legal-requirement-card-new-white.png;
Mite Love;Jartiyer Çorabı Beyaz File Dantelli Silikonlu;157;27312445;L;BEYAZ;instock;13.74;29.9;Marka mite love üretim yeri türkiye ürün özelliği file dantelli silikonlu paket içeriği 2 adet dantelli jartiyer çorap editörün notu daha seksi mi görünmek istiyorsunuz ? Yoksa cezbedici bir görünüşe bürünerek partnerinizi size karşı zayıf düşmesini mi arzuluyorsunuz ? Kontrol artık siz hanımlarda ! Iddialı tasarımları ile kusurlarınızı örten yapısıyla partnerinizin aklını başından alacaksınız ! Özgüveninizi tekrar kazanacak güçlü duruşunuz ile ipler tamamı ile sizde olacak ! Mite love çorapları tam sizlere göre ! Artık eskisine göre daha şık ve seksi görüneceksiniz ! mite love'un özenle seçtiği mite love jartiyer çorabı beyaz file dantelli silikonlu modelini sizlerin beğenisine sunuyoruz. Son derece kaliteli kumaş yapısıyla uzun süreli kullanımlarda dahi ilk günkü gibi memnun kalacaksınız. %100 hijyenik ve sağlıklı yapısıyla mite love fantezi giyimleri kısa sürede çiftlerin beğenisini kazanmıştır. Kampanya fiyatından satılmak üzere 50 adetten fazla stok sunulmuştur.İncelemiş olduğunuz ürünün satış fiyatını satıcı belirlemektedir.;https://cdn.dsmcdn.com/https://cdn.dsmcdn.com//web/production/legal-requirement-card-new-white.png;
Mite Love;Jartiyer Çorabı Beyaz File Dantelli Silikonlu;158;27312445;XL;BEYAZ;instock;13.74;29.9;Marka mite love üretim yeri türkiye ürün özelliği file dantelli silikonlu paket içeriği 2 adet dantelli jartiyer çorap editörün notu daha seksi mi görünmek istiyorsunuz ? Yoksa cezbedici bir görünüşe bürünerek partnerinizi size karşı zayıf düşmesini mi arzuluyorsunuz ? Kontrol artık siz hanımlarda ! Iddialı tasarımları ile kusurlarınızı örten yapısıyla partnerinizin aklını başından alacaksınız ! Özgüveninizi tekrar kazanacak güçlü duruşunuz ile ipler tamamı ile sizde olacak ! Mite love çorapları tam sizlere göre ! Artık eskisine göre daha şık ve seksi görüneceksiniz ! mite love'un özenle seçtiği mite love jartiyer çorabı beyaz file dantelli silikonlu modelini sizlerin beğenisine sunuyoruz. Son derece kaliteli kumaş yapısıyla uzun süreli kullanımlarda dahi ilk günkü gibi memnun kalacaksınız. %100 hijyenik ve sağlıklı yapısıyla mite love fantezi giyimleri kısa sürede çiftlerin beğenisini kazanmıştır. Kampanya fiyatından satılmak üzere 50 adetten fazla stok sunulmuştur.İncelemiş olduğunuz ürünün satış fiyatını satıcı belirlemektedir.;https://cdn.dsmcdn.com/https://cdn.dsmcdn.com//web/production/legal-requirement-card-new-white.png;
Merry See;Ünlü Reyon Siyah Şık Jartiyer Takım;159;28966751;S/M;Siyah;instock;26.38;59.38;Paket İçeriği Ürün 2 Parçadan Oluşmaktadır. Standart Dantelsiz Jartiyer Çorap ürün dahildir. Kumaş Bilgisi 90% Polyester %10 Elastan Üretim Yeri TÜRKİYE Yıkama Talimatı 30 Derecelik Suda Elle Yıkayınız, Gölgede Kurumaya Bırakınız, Ağartıcı Kullanmayınız. Kampanya fiyatından satılmak üzere 100 adetten fazla stok sunulmuştur.İncelemiş olduğunuz ürünün satış fiyatını satıcı belirlemektedir.;https://cdn.dsmcdn.com/https://cdn.dsmcdn.com//web/production/legal-requirement-card-new-white.png;
Merry See;Ünlü Reyon Siyah Şık Jartiyer Takım;160;28966751;L/XL;Siyah;instock;26.38;59.38;Paket İçeriği Ürün 2 Parçadan Oluşmaktadır. Standart Dantelsiz Jartiyer Çorap ürün dahildir. Kumaş Bilgisi 90% Polyester %10 Elastan Üretim Yeri TÜRKİYE Yıkama Talimatı 30 Derecelik Suda Elle Yıkayınız, Gölgede Kurumaya Bırakınız, Ağartıcı Kullanmayınız. Kampanya fiyatından satılmak üzere 100 adetten fazla stok sunulmuştur.İncelemiş olduğunuz ürünün satış fiyatını satıcı belirlemektedir.;https://cdn.dsmcdn.com/https://cdn.dsmcdn.com//web/production/legal-requirement-card-new-white.png;
MA VİE PRİVÉE;Kadın Siyah Ombre Jartiyer;161;4225949;S;Siyah;outstock;69.97;99.95;Ürün Kumaşı: Dantel | Ma Vie Privee ürünleri özel ürünler olup iadesi hiç kullanılmamış ve ambalajı açılmamış olması koşuluyla 30 gün içerisinde yapılabilir. Mağazalardan iade veya değişim yapılamamaktadır. Külotlar, silikon ürünler, vücut çorabı ve aksesuarlarda hijyen sebebiyle değişim ya da iade yapilmamaktadir. Ürün üzerinde ürün barkodu bulunan dış poşeti ve kesesi ile birlikte iade edilmelidir.Kampanya fiyatından satılmak üzere 5 adetten az stok bulunmaktadır.İncelemiş olduğunuz ürünün satış fiyatını satıcı belirlemektedir.;https://cdn.dsmcdn.com/https://cdn.dsmcdn.com//web/production/legal-requirement-card-new-white.png;
MA VİE PRİVÉE;Kadın Siyah Ombre Jartiyer;162;4225949;M;Siyah;outstock;69.97;99.95;Ürün Kumaşı: Dantel | Ma Vie Privee ürünleri özel ürünler olup iadesi hiç kullanılmamış ve ambalajı açılmamış olması koşuluyla 30 gün içerisinde yapılabilir. Mağazalardan iade veya değişim yapılamamaktadır. Külotlar, silikon ürünler, vücut çorabı ve aksesuarlarda hijyen sebebiyle değişim ya da iade yapilmamaktadir. Ürün üzerinde ürün barkodu bulunan dış poşeti ve kesesi ile birlikte iade edilmelidir.Kampanya fiyatından satılmak üzere 5 adetten az stok bulunmaktadır.İncelemiş olduğunuz ürünün satış fiyatını satıcı belirlemektedir.;https://cdn.dsmcdn.com/https://cdn.dsmcdn.com//web/production/legal-requirement-card-new-white.png;
MA VİE PRİVÉE;Kadın Siyah Ombre Jartiyer;163;4225949;L;Siyah;outstock;69.97;99.95;Ürün Kumaşı: Dantel | Ma Vie Privee ürünleri özel ürünler olup iadesi hiç kullanılmamış ve ambalajı açılmamış olması koşuluyla 30 gün içerisinde yapılabilir. Mağazalardan iade veya değişim yapılamamaktadır. Külotlar, silikon ürünler, vücut çorabı ve aksesuarlarda hijyen sebebiyle değişim ya da iade yapilmamaktadir. Ürün üzerinde ürün barkodu bulunan dış poşeti ve kesesi ile birlikte iade edilmelidir.Kampanya fiyatından satılmak üzere 5 adetten az stok bulunmaktadır.İncelemiş olduğunuz ürünün satış fiyatını satıcı belirlemektedir.;https://cdn.dsmcdn.com/https://cdn.dsmcdn.com//web/production/legal-requirement-card-new-white.png;
dedo;Kadın Siyah Boyundan Askılı Derili Jartiyer Takım;164;29827200;S/M;Siyah;instock;48.93;109.9;Ürün Gecelik,Külot,Çorap Olmak Üzere Üç Parçadan OluşurKampanya fiyatından satılmak üzere 100 adetten fazla stok sunulmuştur.İncelemiş olduğunuz ürünün satış fiyatını satıcı belirlemektedir.;https://cdn.dsmcdn.com/https://cdn.dsmcdn.com//web/production/legal-requirement-card-new-white.png;
dedo;Kadın Siyah Boyundan Askılı Derili Jartiyer Takım;165;29827200;L/XL;Siyah;instock;48.93;109.9;Ürün Gecelik,Külot,Çorap Olmak Üzere Üç Parçadan OluşurKampanya fiyatından satılmak üzere 100 adetten fazla stok sunulmuştur.İncelemiş olduğunuz ürünün satış fiyatını satıcı belirlemektedir.;https://cdn.dsmcdn.com/https://cdn.dsmcdn.com//web/production/legal-requirement-card-new-white.png;
Merry See;Siyah Jartiyer Takımı+ ÇORAP HEDİYELİ;166;27854345;S/M;Siyah;instock;19.42;47.48;Paket içeriği Standart dantelsiz jartiyer çorap ürün dahildir. Kumaş bilgisi 90% polyester %10 elastan Üretim yeri Türkiye Yıkama talimatı 30 derecelik suda elle yıkayınız, gölgede kurumaya bırakınız, ağartıcı kullanmayınız. Kampanya fiyatından satılmak üzere 100 adetten fazla stok sunulmuştur.İncelemiş olduğunuz ürünün satış fiyatını satıcı belirlemektedir.;https://cdn.dsmcdn.com//ty6/product/media/images/20200717/13/4692051/59087997/1/1_org_zoom.jpg,https://cdn.dsmcdn.com//ty6/product/media/images/20200717/13/4692051/59087997/2/2_org_zoom.jpg;
Merry See;Siyah Jartiyer Takımı+ ÇORAP HEDİYELİ;167;27854345;L/XL;Siyah;instock;19.42;47.48;Paket içeriği Standart dantelsiz jartiyer çorap ürün dahildir. Kumaş bilgisi 90% polyester %10 elastan Üretim yeri Türkiye Yıkama talimatı 30 derecelik suda elle yıkayınız, gölgede kurumaya bırakınız, ağartıcı kullanmayınız. Kampanya fiyatından satılmak üzere 100 adetten fazla stok sunulmuştur.İncelemiş olduğunuz ürünün satış fiyatını satıcı belirlemektedir.;https://cdn.dsmcdn.com//ty6/product/media/images/20200717/13/4692051/59087997/1/1_org_zoom.jpg,https://cdn.dsmcdn.com//ty6/product/media/images/20200717/13/4692051/59087997/2/2_org_zoom.jpg;
Merry See;Siyah Jartiyer Takım+ ÇORAP HEDİYELİ;168;27925554;S/M;Siyah;instock;26.38;71.28;Paket içeriği Ürün 2 parçadan oluşmaktadır. (jartiyer, string, 8 adet jartiyer ip ürüne dahildir.) standart dantelsiz jartiyer çorap ürün dahildir. Kumaş bilgisi 90% polyester %10 elastan Üretim yeri Türkiye Yıkama talimatı 30 derecelik suda elle yıkayınız, gölgede kurumaya bırakınız, ağartıcı kullanmayınız. Kampanya fiyatından satılmak üzere 100 adetten fazla stok sunulmuştur.İncelemiş olduğunuz ürünün satış fiyatını satıcı belirlemektedir.;https://cdn.dsmcdn.com//ty6/product/media/images/20200717/13/4691660/59239163/1/1_org_zoom.jpg,https://cdn.dsmcdn.com//ty5/product/media/images/20200717/13/4691660/59239163/2/2_org_zoom.jpg,https://cdn.dsmcdn.com//ty5/product/media/images/20200717/13/4691660/59239163/3/3_org_zoom.jpg;
Merry See;Siyah Jartiyer Takım+ ÇORAP HEDİYELİ;169;27925554;L/XL;Siyah;instock;26.38;71.28;Paket içeriği Ürün 2 parçadan oluşmaktadır. (jartiyer, string, 8 adet jartiyer ip ürüne dahildir.) standart dantelsiz jartiyer çorap ürün dahildir. Kumaş bilgisi 90% polyester %10 elastan Üretim yeri Türkiye Yıkama talimatı 30 derecelik suda elle yıkayınız, gölgede kurumaya bırakınız, ağartıcı kullanmayınız. Kampanya fiyatından satılmak üzere 100 adetten fazla stok sunulmuştur.İncelemiş olduğunuz ürünün satış fiyatını satıcı belirlemektedir.;https://cdn.dsmcdn.com//ty6/product/media/images/20200717/13/4691660/59239163/1/1_org_zoom.jpg,https://cdn.dsmcdn.com//ty5/product/media/images/20200717/13/4691660/59239163/2/2_org_zoom.jpg,https://cdn.dsmcdn.com//ty5/product/media/images/20200717/13/4691660/59239163/3/3_org_zoom.jpg;
Merry See;Siyah Jartiyer Takım+ ÇORAP HEDİYELİ;170;27925554;Tek Ebat;Siyah;outstock;26.38;71.28;Paket içeriği Ürün 2 parçadan oluşmaktadır. (jartiyer, string, 8 adet jartiyer ip ürüne dahildir.) standart dantelsiz jartiyer çorap ürün dahildir. Kumaş bilgisi 90% polyester %10 elastan Üretim yeri Türkiye Yıkama talimatı 30 derecelik suda elle yıkayınız, gölgede kurumaya bırakınız, ağartıcı kullanmayınız. Kampanya fiyatından satılmak üzere 100 adetten fazla stok sunulmuştur.İncelemiş olduğunuz ürünün satış fiyatını satıcı belirlemektedir.;https://cdn.dsmcdn.com//ty6/product/media/images/20200717/13/4691660/59239163/1/1_org_zoom.jpg,https://cdn.dsmcdn.com//ty5/product/media/images/20200717/13/4691660/59239163/2/2_org_zoom.jpg,https://cdn.dsmcdn.com//ty5/product/media/images/20200717/13/4691660/59239163/3/3_org_zoom.jpg;
ASILCE;Kadın Siyah Jartiyer Takım;171;27259285;80;Siyah;instock;69.99;165.99;Jartiyer-Bustiyer Set Ürün orijinal ambalajında bustiyer, alt çamaşır, çorap kemeri ve çorap olarak 4lü takımdır. Azo Test onaylı olup Türkiye de üretilmiştir.Kampanya fiyatından satılmak üzere 5 adetten fazla stok sunulmuştur.İncelemiş olduğunuz ürünün satış fiyatını satıcı belirlemektedir.;https://cdn.dsmcdn.com/https://cdn.dsmcdn.com//web/production/legal-requirement-card-new-white.png;
ASILCE;Kadın Siyah Jartiyer Takım;172;27259285;85;Siyah;instock;69.99;165.99;Jartiyer-Bustiyer Set Ürün orijinal ambalajında bustiyer, alt çamaşır, çorap kemeri ve çorap olarak 4lü takımdır. Azo Test onaylı olup Türkiye de üretilmiştir.Kampanya fiyatından satılmak üzere 5 adetten fazla stok sunulmuştur.İncelemiş olduğunuz ürünün satış fiyatını satıcı belirlemektedir.;https://cdn.dsmcdn.com/https://cdn.dsmcdn.com//web/production/legal-requirement-card-new-white.png;
ASILCE;Kadın Siyah Jartiyer Takım;173;27259285;90;Siyah;outstock;69.99;165.99;Jartiyer-Bustiyer Set Ürün orijinal ambalajında bustiyer, alt çamaşır, çorap kemeri ve çorap olarak 4lü takımdır. Azo Test onaylı olup Türkiye de üretilmiştir.Kampanya fiyatından satılmak üzere 5 adetten fazla stok sunulmuştur.İncelemiş olduğunuz ürünün satış fiyatını satıcı belirlemektedir.;https://cdn.dsmcdn.com/https://cdn.dsmcdn.com//web/production/legal-requirement-card-new-white.png;
Merry See;Kırmızı Jartiyerli Özel Bölgeleri Açık Gecelik;174;30114236;S/M;Kırmızı;instock;41.69;83.18;Paket içeriği 1 parçadan oluşmaktadır. (jartiyer ipler dahildir.) standart dantelsiz jartiyer çorap ürün dahildir. Kumaş bilgisi 90% polyester %10 elastan Üretim yeri Türkiye Yıkama talimatı 30 derecelik suda elle yıkayınız, gölgede kurumaya bırakınız, ağartıcı kullanmayınız. Kampanya fiyatından satılmak üzere 100 adetten fazla stok sunulmuştur.İncelemiş olduğunuz ürünün satış fiyatını satıcı belirlemektedir.;https://cdn.dsmcdn.com//ty1/product/media/images/20200401/13/856197/64058014/1/1_org_zoom.jpg;
Merry See;Kırmızı Jartiyerli Özel Bölgeleri Açık Gecelik;175;30114236;L/XL;Kırmızı;outstock;41.69;83.18;Paket içeriği 1 parçadan oluşmaktadır. (jartiyer ipler dahildir.) standart dantelsiz jartiyer çorap ürün dahildir. Kumaş bilgisi 90% polyester %10 elastan Üretim yeri Türkiye Yıkama talimatı 30 derecelik suda elle yıkayınız, gölgede kurumaya bırakınız, ağartıcı kullanmayınız. Kampanya fiyatından satılmak üzere 100 adetten fazla stok sunulmuştur.İncelemiş olduğunuz ürünün satış fiyatını satıcı belirlemektedir.;https://cdn.dsmcdn.com//ty1/product/media/images/20200401/13/856197/64058014/1/1_org_zoom.jpg;
