Brand;Name;ID;GroupID;Size;Color;Stock;Price;DiscountPrice;description;Images;Pierre Cardin;Kadın Renkli 5li Kalın Kenarlı Slip Külot 2056;176;3127886;36;Karışık;outstock;37.99;86;5'li Slip Ekonomik Paket Paket İçeriği: 2 Beyaz, 2 Ten, 1 SiyahKampanya fiyatından satılmak üzere 10 adetten fazla stok sunulmuştur.İncelemiş olduğunuz ürünün satış fiyatını satıcı belirlemektedir.;https://cdn.dsmcdn.com//Assets/ProductImages/oa/59/3786449/2/8699170160144_1_org_zoom.jpg;
Pierre Cardin;Kadın Renkli 5li Kalın Kenarlı Slip Külot 2056;177;3127886;38;Karışık;outstock;37.99;86;5'li Slip Ekonomik Paket Paket İçeriği: 2 Beyaz, 2 Ten, 1 SiyahKampanya fiyatından satılmak üzere 10 adetten fazla stok sunulmuştur.İncelemiş olduğunuz ürünün satış fiyatını satıcı belirlemektedir.;https://cdn.dsmcdn.com//Assets/ProductImages/oa/59/3786449/2/8699170160144_1_org_zoom.jpg;
Pierre Cardin;Kadın Renkli 5li Kalın Kenarlı Slip Külot 2056;178;3127886;40;Karışık;outstock;37.99;86;5'li Slip Ekonomik Paket Paket İçeriği: 2 Beyaz, 2 Ten, 1 SiyahKampanya fiyatından satılmak üzere 10 adetten fazla stok sunulmuştur.İncelemiş olduğunuz ürünün satış fiyatını satıcı belirlemektedir.;https://cdn.dsmcdn.com//Assets/ProductImages/oa/59/3786449/2/8699170160144_1_org_zoom.jpg;
Pierre Cardin;Kadın Renkli 5li Kalın Kenarlı Slip Külot 2056;179;3127886;46;Karışık;instock;37.99;86;5'li Slip Ekonomik Paket Paket İçeriği: 2 Beyaz, 2 Ten, 1 SiyahKampanya fiyatından satılmak üzere 10 adetten fazla stok sunulmuştur.İncelemiş olduğunuz ürünün satış fiyatını satıcı belirlemektedir.;https://cdn.dsmcdn.com//Assets/ProductImages/oa/59/3786449/2/8699170160144_1_org_zoom.jpg;
Pierre Cardin;Kadın Asorti 3lü Büyük Beden Yüksek Bel Külot 2033;180;180611;36;SBTN;instock;44.95;65;%90 Pamuk %10 Elastan3'lü Ekonomik Paket Slip Takım - Maxi CutBu butikte indirim kuponları/kodları geçerli değildir.Kampanya fiyatından satılmak üzere 100 adetten fazla stok sunulmuştur.İncelemiş olduğunuz ürünün satış fiyatını satıcı belirlemektedir.;https://cdn.dsmcdn.com//Assets/ProductImages/oa/59/225784/3/8699170008378_1_org_zoom.jpg,https://cdn.dsmcdn.com//Assets/ProductImages/oa/59/225784/3/8699170008378_2_org_zoom.jpg;
Pierre Cardin;Kadın Asorti 3lü Büyük Beden Yüksek Bel Külot 2033;181;180611;38;SBTN;instock;44.95;65;%90 Pamuk %10 Elastan3'lü Ekonomik Paket Slip Takım - Maxi CutBu butikte indirim kuponları/kodları geçerli değildir.Kampanya fiyatından satılmak üzere 100 adetten fazla stok sunulmuştur.İncelemiş olduğunuz ürünün satış fiyatını satıcı belirlemektedir.;https://cdn.dsmcdn.com//Assets/ProductImages/oa/59/225784/3/8699170008378_1_org_zoom.jpg,https://cdn.dsmcdn.com//Assets/ProductImages/oa/59/225784/3/8699170008378_2_org_zoom.jpg;
Pierre Cardin;Kadın Asorti 3lü Büyük Beden Yüksek Bel Külot 2033;182;180611;40;SBTN;instock;44.95;65;%90 Pamuk %10 Elastan3'lü Ekonomik Paket Slip Takım - Maxi CutBu butikte indirim kuponları/kodları geçerli değildir.Kampanya fiyatından satılmak üzere 100 adetten fazla stok sunulmuştur.İncelemiş olduğunuz ürünün satış fiyatını satıcı belirlemektedir.;https://cdn.dsmcdn.com//Assets/ProductImages/oa/59/225784/3/8699170008378_1_org_zoom.jpg,https://cdn.dsmcdn.com//Assets/ProductImages/oa/59/225784/3/8699170008378_2_org_zoom.jpg;
Pierre Cardin;Kadın Asorti 3lü Büyük Beden Yüksek Bel Külot 2033;183;180611;42;SBTN;instock;44.95;65;%90 Pamuk %10 Elastan3'lü Ekonomik Paket Slip Takım - Maxi CutBu butikte indirim kuponları/kodları geçerli değildir.Kampanya fiyatından satılmak üzere 100 adetten fazla stok sunulmuştur.İncelemiş olduğunuz ürünün satış fiyatını satıcı belirlemektedir.;https://cdn.dsmcdn.com//Assets/ProductImages/oa/59/225784/3/8699170008378_1_org_zoom.jpg,https://cdn.dsmcdn.com//Assets/ProductImages/oa/59/225784/3/8699170008378_2_org_zoom.jpg;
Pierre Cardin;Kadın Asorti 3lü Büyük Beden Yüksek Bel Külot 2033;184;180611;44;SBTN;instock;32.49;65;%90 Pamuk %10 Elastan3'lü Ekonomik Paket Slip Takım - Maxi CutBu butikte indirim kuponları/kodları geçerli değildir.Kampanya fiyatından satılmak üzere 100 adetten fazla stok sunulmuştur.İncelemiş olduğunuz ürünün satış fiyatını satıcı belirlemektedir.;https://cdn.dsmcdn.com//Assets/ProductImages/oa/59/225784/3/8699170008378_1_org_zoom.jpg,https://cdn.dsmcdn.com//Assets/ProductImages/oa/59/225784/3/8699170008378_2_org_zoom.jpg;
Pierre Cardin;Kadın Asorti 3lü Büyük Beden Yüksek Bel Külot 2033;185;180611;46;SBTN;instock;44.95;65;%90 Pamuk %10 Elastan3'lü Ekonomik Paket Slip Takım - Maxi CutBu butikte indirim kuponları/kodları geçerli değildir.Kampanya fiyatından satılmak üzere 100 adetten fazla stok sunulmuştur.İncelemiş olduğunuz ürünün satış fiyatını satıcı belirlemektedir.;https://cdn.dsmcdn.com//Assets/ProductImages/oa/59/225784/3/8699170008378_1_org_zoom.jpg,https://cdn.dsmcdn.com//Assets/ProductImages/oa/59/225784/3/8699170008378_2_org_zoom.jpg;
Penti;Kadın Çok Renkli Amazing Day 3'lü Slip;186;32218863;XS;Mor;outstock;23.97;39.95;null / KADIN /Kampanya fiyatından satılmak üzere 100 adetten fazla stok sunulmuştur.İncelemiş olduğunuz ürünün satış fiyatını satıcı belirlemektedir.;https://cdn.dsmcdn.com//ty4/product/media/images/20200518/22/1455665/68350547/1/1_org_zoom.jpeg,https://cdn.dsmcdn.com//ty3/product/media/images/20200518/22/1455665/68350547/2/2_org_zoom.jpeg,https://cdn.dsmcdn.com//ty4/product/media/images/20200518/22/1455665/68350547/3/3_org_zoom.jpeg,https://cdn.dsmcdn.com//ty3/product/media/images/20200518/22/1455665/68350547/4/4_org_zoom.jpeg;
Penti;Kadın Çok Renkli Amazing Day 3'lü Slip;187;32218863;S;Mor;instock;23.97;39.95;null / KADIN /Kampanya fiyatından satılmak üzere 100 adetten fazla stok sunulmuştur.İncelemiş olduğunuz ürünün satış fiyatını satıcı belirlemektedir.;https://cdn.dsmcdn.com//ty4/product/media/images/20200518/22/1455665/68350547/1/1_org_zoom.jpeg,https://cdn.dsmcdn.com//ty3/product/media/images/20200518/22/1455665/68350547/2/2_org_zoom.jpeg,https://cdn.dsmcdn.com//ty4/product/media/images/20200518/22/1455665/68350547/3/3_org_zoom.jpeg,https://cdn.dsmcdn.com//ty3/product/media/images/20200518/22/1455665/68350547/4/4_org_zoom.jpeg;
Penti;Kadın Çok Renkli Amazing Day 3'lü Slip;188;32218863;M;Mor;instock;23.97;39.95;null / KADIN /Kampanya fiyatından satılmak üzere 100 adetten fazla stok sunulmuştur.İncelemiş olduğunuz ürünün satış fiyatını satıcı belirlemektedir.;https://cdn.dsmcdn.com//ty4/product/media/images/20200518/22/1455665/68350547/1/1_org_zoom.jpeg,https://cdn.dsmcdn.com//ty3/product/media/images/20200518/22/1455665/68350547/2/2_org_zoom.jpeg,https://cdn.dsmcdn.com//ty4/product/media/images/20200518/22/1455665/68350547/3/3_org_zoom.jpeg,https://cdn.dsmcdn.com//ty3/product/media/images/20200518/22/1455665/68350547/4/4_org_zoom.jpeg;
Penti;Kadın Çok Renkli Amazing Day 3'lü Slip;189;32218863;L;Mor;instock;23.97;39.95;null / KADIN /Kampanya fiyatından satılmak üzere 100 adetten fazla stok sunulmuştur.İncelemiş olduğunuz ürünün satış fiyatını satıcı belirlemektedir.;https://cdn.dsmcdn.com//ty4/product/media/images/20200518/22/1455665/68350547/1/1_org_zoom.jpeg,https://cdn.dsmcdn.com//ty3/product/media/images/20200518/22/1455665/68350547/2/2_org_zoom.jpeg,https://cdn.dsmcdn.com//ty4/product/media/images/20200518/22/1455665/68350547/3/3_org_zoom.jpeg,https://cdn.dsmcdn.com//ty3/product/media/images/20200518/22/1455665/68350547/4/4_org_zoom.jpeg;
Penti;Kadın Çok Renkli Amazing Day 3'lü Slip;190;32218863;XL;Mor;instock;23.97;39.95;null / KADIN /Kampanya fiyatından satılmak üzere 100 adetten fazla stok sunulmuştur.İncelemiş olduğunuz ürünün satış fiyatını satıcı belirlemektedir.;https://cdn.dsmcdn.com//ty4/product/media/images/20200518/22/1455665/68350547/1/1_org_zoom.jpeg,https://cdn.dsmcdn.com//ty3/product/media/images/20200518/22/1455665/68350547/2/2_org_zoom.jpeg,https://cdn.dsmcdn.com//ty4/product/media/images/20200518/22/1455665/68350547/3/3_org_zoom.jpeg,https://cdn.dsmcdn.com//ty3/product/media/images/20200518/22/1455665/68350547/4/4_org_zoom.jpeg;
Penti;Kadın Çok Renkli Peony 5'li Slip;191;32219005;XS;Mor;outstock;35.97;59.95;null / KADIN /Kampanya fiyatından satılmak üzere 100 adetten fazla stok sunulmuştur.İncelemiş olduğunuz ürünün satış fiyatını satıcı belirlemektedir.;https://cdn.dsmcdn.com//ty4/product/media/images/20200518/22/1455665/68351041/2/2_org_zoom.jpeg,https://cdn.dsmcdn.com//ty3/product/media/images/20200518/22/1455665/68351041/3/3_org_zoom.jpeg,https://cdn.dsmcdn.com//ty4/product/media/images/20200518/22/1455665/68351041/4/4_org_zoom.jpeg,https://cdn.dsmcdn.com//ty4/product/media/images/20200518/22/1455665/68351041/5/5_org_zoom.jpeg,https://cdn.dsmcdn.com//ty4/product/media/images/20200518/22/1455665/68351041/6/6_org_zoom.jpeg;
Penti;Kadın Çok Renkli Peony 5'li Slip;192;32219005;S;Mor;instock;35.97;59.95;null / KADIN /Kampanya fiyatından satılmak üzere 100 adetten fazla stok sunulmuştur.İncelemiş olduğunuz ürünün satış fiyatını satıcı belirlemektedir.;https://cdn.dsmcdn.com//ty4/product/media/images/20200518/22/1455665/68351041/2/2_org_zoom.jpeg,https://cdn.dsmcdn.com//ty3/product/media/images/20200518/22/1455665/68351041/3/3_org_zoom.jpeg,https://cdn.dsmcdn.com//ty4/product/media/images/20200518/22/1455665/68351041/4/4_org_zoom.jpeg,https://cdn.dsmcdn.com//ty4/product/media/images/20200518/22/1455665/68351041/5/5_org_zoom.jpeg,https://cdn.dsmcdn.com//ty4/product/media/images/20200518/22/1455665/68351041/6/6_org_zoom.jpeg;
Penti;Kadın Çok Renkli Peony 5'li Slip;193;32219005;L;Mor;instock;35.97;59.95;null / KADIN /Kampanya fiyatından satılmak üzere 100 adetten fazla stok sunulmuştur.İncelemiş olduğunuz ürünün satış fiyatını satıcı belirlemektedir.;https://cdn.dsmcdn.com//ty4/product/media/images/20200518/22/1455665/68351041/2/2_org_zoom.jpeg,https://cdn.dsmcdn.com//ty3/product/media/images/20200518/22/1455665/68351041/3/3_org_zoom.jpeg,https://cdn.dsmcdn.com//ty4/product/media/images/20200518/22/1455665/68351041/4/4_org_zoom.jpeg,https://cdn.dsmcdn.com//ty4/product/media/images/20200518/22/1455665/68351041/5/5_org_zoom.jpeg,https://cdn.dsmcdn.com//ty4/product/media/images/20200518/22/1455665/68351041/6/6_org_zoom.jpeg;
Penti;Kadın Çok Renkli Peony 5'li Slip;194;32219005;XL;Mor;instock;35.97;59.95;null / KADIN /Kampanya fiyatından satılmak üzere 100 adetten fazla stok sunulmuştur.İncelemiş olduğunuz ürünün satış fiyatını satıcı belirlemektedir.;https://cdn.dsmcdn.com//ty4/product/media/images/20200518/22/1455665/68351041/2/2_org_zoom.jpeg,https://cdn.dsmcdn.com//ty3/product/media/images/20200518/22/1455665/68351041/3/3_org_zoom.jpeg,https://cdn.dsmcdn.com//ty4/product/media/images/20200518/22/1455665/68351041/4/4_org_zoom.jpeg,https://cdn.dsmcdn.com//ty4/product/media/images/20200518/22/1455665/68351041/5/5_org_zoom.jpeg,https://cdn.dsmcdn.com//ty4/product/media/images/20200518/22/1455665/68351041/6/6_org_zoom.jpeg;
Penti;Gri Melanj Daily Lace 3'Lü Slip Külot;195;836221;S;Gri;instock;44.95;44.95;Siyah: %95 Pamuk %5 Elastan Gri: %48 Pamuk %48 Polyester %4 Elastan Antrasit: %78 Polyester %18 Pamuk %4 Elastan In: %100 PamukKampanya fiyatından satılmak üzere 10 adetten fazla stok sunulmuştur.İncelemiş olduğunuz ürünün satış fiyatını satıcı belirlemektedir.;https://cdn.dsmcdn.com//ty4/product/media/images/20200518/22/1455665/10545719/2/2_org_zoom.jpeg,https://cdn.dsmcdn.com//ty4/product/media/images/20200518/22/1455665/10545719/3/3_org_zoom.jpeg,https://cdn.dsmcdn.com//ty3/product/media/images/20200518/22/1455665/10545719/4/4_org_zoom.jpeg,https://cdn.dsmcdn.com//ty3/product/media/images/20200518/22/1455665/10545719/5/5_org_zoom.jpeg;
Penti;Gri Melanj Daily Lace 3'Lü Slip Külot;196;836221;M;Gri;instock;44.95;44.95;Siyah: %95 Pamuk %5 Elastan Gri: %48 Pamuk %48 Polyester %4 Elastan Antrasit: %78 Polyester %18 Pamuk %4 Elastan In: %100 PamukKampanya fiyatından satılmak üzere 10 adetten fazla stok sunulmuştur.İncelemiş olduğunuz ürünün satış fiyatını satıcı belirlemektedir.;https://cdn.dsmcdn.com//ty4/product/media/images/20200518/22/1455665/10545719/2/2_org_zoom.jpeg,https://cdn.dsmcdn.com//ty4/product/media/images/20200518/22/1455665/10545719/3/3_org_zoom.jpeg,https://cdn.dsmcdn.com//ty3/product/media/images/20200518/22/1455665/10545719/4/4_org_zoom.jpeg,https://cdn.dsmcdn.com//ty3/product/media/images/20200518/22/1455665/10545719/5/5_org_zoom.jpeg;
Penti;Gri Melanj Daily Lace 3'Lü Slip Külot;197;836221;L;Gri;instock;44.95;44.95;Siyah: %95 Pamuk %5 Elastan Gri: %48 Pamuk %48 Polyester %4 Elastan Antrasit: %78 Polyester %18 Pamuk %4 Elastan In: %100 PamukKampanya fiyatından satılmak üzere 10 adetten fazla stok sunulmuştur.İncelemiş olduğunuz ürünün satış fiyatını satıcı belirlemektedir.;https://cdn.dsmcdn.com//ty4/product/media/images/20200518/22/1455665/10545719/2/2_org_zoom.jpeg,https://cdn.dsmcdn.com//ty4/product/media/images/20200518/22/1455665/10545719/3/3_org_zoom.jpeg,https://cdn.dsmcdn.com//ty3/product/media/images/20200518/22/1455665/10545719/4/4_org_zoom.jpeg,https://cdn.dsmcdn.com//ty3/product/media/images/20200518/22/1455665/10545719/5/5_org_zoom.jpeg;
Penti;Gri Melanj Daily Lace 3'Lü Slip Külot;198;836221;XL;Gri;instock;44.95;44.95;Siyah: %95 Pamuk %5 Elastan Gri: %48 Pamuk %48 Polyester %4 Elastan Antrasit: %78 Polyester %18 Pamuk %4 Elastan In: %100 PamukKampanya fiyatından satılmak üzere 10 adetten fazla stok sunulmuştur.İncelemiş olduğunuz ürünün satış fiyatını satıcı belirlemektedir.;https://cdn.dsmcdn.com//ty4/product/media/images/20200518/22/1455665/10545719/2/2_org_zoom.jpeg,https://cdn.dsmcdn.com//ty4/product/media/images/20200518/22/1455665/10545719/3/3_org_zoom.jpeg,https://cdn.dsmcdn.com//ty3/product/media/images/20200518/22/1455665/10545719/4/4_org_zoom.jpeg,https://cdn.dsmcdn.com//ty3/product/media/images/20200518/22/1455665/10545719/5/5_org_zoom.jpeg;
Penti;Bej Melanj Mix Kadın Daily Lace 3'lü Slip PLDLC3SL17IY;199;836221;S;Kahve;instock;44.95;44.95;Beyaz:%95 Pamuk %5 Elastan Gri:%48 Pamuk %48 Polyester %4 Elastan Pink:%48 Pamuk %48 Polyester %4 Ela In: %100 PamukKampanya fiyatından satılmak üzere 50 adetten fazla stok sunulmuştur.İncelemiş olduğunuz ürünün satış fiyatını satıcı belirlemektedir.;https://cdn.dsmcdn.com//ty3/product/media/images/20200518/22/1455665/10545712/2/2_org_zoom.jpeg,https://cdn.dsmcdn.com//ty4/product/media/images/20200518/22/1455665/10545712/3/3_org_zoom.jpeg,https://cdn.dsmcdn.com//ty3/product/media/images/20200518/22/1455665/10545712/4/4_org_zoom.jpeg;
Penti;Bej Melanj Mix Kadın Daily Lace 3'lü Slip PLDLC3SL17IY;200;836221;M;Kahve;instock;44.95;44.95;Beyaz:%95 Pamuk %5 Elastan Gri:%48 Pamuk %48 Polyester %4 Elastan Pink:%48 Pamuk %48 Polyester %4 Ela In: %100 PamukKampanya fiyatından satılmak üzere 50 adetten fazla stok sunulmuştur.İncelemiş olduğunuz ürünün satış fiyatını satıcı belirlemektedir.;https://cdn.dsmcdn.com//ty3/product/media/images/20200518/22/1455665/10545712/2/2_org_zoom.jpeg,https://cdn.dsmcdn.com//ty4/product/media/images/20200518/22/1455665/10545712/3/3_org_zoom.jpeg,https://cdn.dsmcdn.com//ty3/product/media/images/20200518/22/1455665/10545712/4/4_org_zoom.jpeg;
Penti;Bej Melanj Mix Kadın Daily Lace 3'lü Slip PLDLC3SL17IY;201;836221;L;Kahve;instock;44.95;44.95;Beyaz:%95 Pamuk %5 Elastan Gri:%48 Pamuk %48 Polyester %4 Elastan Pink:%48 Pamuk %48 Polyester %4 Ela In: %100 PamukKampanya fiyatından satılmak üzere 50 adetten fazla stok sunulmuştur.İncelemiş olduğunuz ürünün satış fiyatını satıcı belirlemektedir.;https://cdn.dsmcdn.com//ty3/product/media/images/20200518/22/1455665/10545712/2/2_org_zoom.jpeg,https://cdn.dsmcdn.com//ty4/product/media/images/20200518/22/1455665/10545712/3/3_org_zoom.jpeg,https://cdn.dsmcdn.com//ty3/product/media/images/20200518/22/1455665/10545712/4/4_org_zoom.jpeg;
Penti;Bej Melanj Mix Kadın Daily Lace 3'lü Slip PLDLC3SL17IY;202;836221;XL;Kahve;instock;44.95;44.95;Beyaz:%95 Pamuk %5 Elastan Gri:%48 Pamuk %48 Polyester %4 Elastan Pink:%48 Pamuk %48 Polyester %4 Ela In: %100 PamukKampanya fiyatından satılmak üzere 50 adetten fazla stok sunulmuştur.İncelemiş olduğunuz ürünün satış fiyatını satıcı belirlemektedir.;https://cdn.dsmcdn.com//ty3/product/media/images/20200518/22/1455665/10545712/2/2_org_zoom.jpeg,https://cdn.dsmcdn.com//ty4/product/media/images/20200518/22/1455665/10545712/3/3_org_zoom.jpeg,https://cdn.dsmcdn.com//ty3/product/media/images/20200518/22/1455665/10545712/4/4_org_zoom.jpeg;
Penti;Kadın Çok Renkli Lemon 3'Lü Slip;203;30887595;XS;Mor;outstock;23.97;39.95;nullKampanya fiyatından satılmak üzere 10 adetten fazla stok sunulmuştur.İncelemiş olduğunuz ürünün satış fiyatını satıcı belirlemektedir.;https://cdn.dsmcdn.com//ty4/product/media/images/20200518/22/1455665/65410954/2/2_org_zoom.jpeg,https://cdn.dsmcdn.com//ty4/product/media/images/20200518/22/1455665/65410954/3/3_org_zoom.jpeg,https://cdn.dsmcdn.com//ty3/product/media/images/20200518/22/1455665/65410954/4/4_org_zoom.jpeg;
Penti;Kadın Çok Renkli Lemon 3'Lü Slip;204;30887595;L;Mor;instock;23.97;39.95;nullKampanya fiyatından satılmak üzere 10 adetten fazla stok sunulmuştur.İncelemiş olduğunuz ürünün satış fiyatını satıcı belirlemektedir.;https://cdn.dsmcdn.com//ty4/product/media/images/20200518/22/1455665/65410954/2/2_org_zoom.jpeg,https://cdn.dsmcdn.com//ty4/product/media/images/20200518/22/1455665/65410954/3/3_org_zoom.jpeg,https://cdn.dsmcdn.com//ty3/product/media/images/20200518/22/1455665/65410954/4/4_org_zoom.jpeg;
Penti;Kadın Çok Renkli Lemon 3'Lü Slip;205;30887595;XL;Mor;instock;23.97;39.95;nullKampanya fiyatından satılmak üzere 10 adetten fazla stok sunulmuştur.İncelemiş olduğunuz ürünün satış fiyatını satıcı belirlemektedir.;https://cdn.dsmcdn.com//ty4/product/media/images/20200518/22/1455665/65410954/2/2_org_zoom.jpeg,https://cdn.dsmcdn.com//ty4/product/media/images/20200518/22/1455665/65410954/3/3_org_zoom.jpeg,https://cdn.dsmcdn.com//ty3/product/media/images/20200518/22/1455665/65410954/4/4_org_zoom.jpeg;
Penti;Kadın Mavi Stardoll Slip;206;30695991;XS;Mavi;instock;14.95;29.95;nullKampanya fiyatından satılmak üzere 10 adetten fazla stok sunulmuştur.İncelemiş olduğunuz ürünün satış fiyatını satıcı belirlemektedir.;https://cdn.dsmcdn.com//assets/product/media/images/20200306/9/4079606/64983824/1/1_org_zoom.jpeg,https://cdn.dsmcdn.com//assets/product/media/images/20200306/9/4079606/64983824/2/2_org_zoom.jpeg,https://cdn.dsmcdn.com//assets/product/media/images/20200306/9/4079606/64983824/3/3_org_zoom.jpeg;
Penti;Kadın Mavi Stardoll Slip;207;30695991;S;Mavi;outstock;14.95;29.95;nullKampanya fiyatından satılmak üzere 10 adetten fazla stok sunulmuştur.İncelemiş olduğunuz ürünün satış fiyatını satıcı belirlemektedir.;https://cdn.dsmcdn.com//assets/product/media/images/20200306/9/4079606/64983824/1/1_org_zoom.jpeg,https://cdn.dsmcdn.com//assets/product/media/images/20200306/9/4079606/64983824/2/2_org_zoom.jpeg,https://cdn.dsmcdn.com//assets/product/media/images/20200306/9/4079606/64983824/3/3_org_zoom.jpeg;
Penti;Kadın Mavi Stardoll Slip;208;30695991;M;Mavi;instock;14.95;29.95;nullKampanya fiyatından satılmak üzere 10 adetten fazla stok sunulmuştur.İncelemiş olduğunuz ürünün satış fiyatını satıcı belirlemektedir.;https://cdn.dsmcdn.com//assets/product/media/images/20200306/9/4079606/64983824/1/1_org_zoom.jpeg,https://cdn.dsmcdn.com//assets/product/media/images/20200306/9/4079606/64983824/2/2_org_zoom.jpeg,https://cdn.dsmcdn.com//assets/product/media/images/20200306/9/4079606/64983824/3/3_org_zoom.jpeg;
Penti;Kadın Mavi Stardoll Slip;209;30695991;L;Mavi;outstock;14.95;29.95;nullKampanya fiyatından satılmak üzere 10 adetten fazla stok sunulmuştur.İncelemiş olduğunuz ürünün satış fiyatını satıcı belirlemektedir.;https://cdn.dsmcdn.com//assets/product/media/images/20200306/9/4079606/64983824/1/1_org_zoom.jpeg,https://cdn.dsmcdn.com//assets/product/media/images/20200306/9/4079606/64983824/2/2_org_zoom.jpeg,https://cdn.dsmcdn.com//assets/product/media/images/20200306/9/4079606/64983824/3/3_org_zoom.jpeg;
Penti;Kadın Mavi Stardoll Slip;210;30695991;XL;Mavi;instock;14.95;29.95;nullKampanya fiyatından satılmak üzere 10 adetten fazla stok sunulmuştur.İncelemiş olduğunuz ürünün satış fiyatını satıcı belirlemektedir.;https://cdn.dsmcdn.com//assets/product/media/images/20200306/9/4079606/64983824/1/1_org_zoom.jpeg,https://cdn.dsmcdn.com//assets/product/media/images/20200306/9/4079606/64983824/2/2_org_zoom.jpeg,https://cdn.dsmcdn.com//assets/product/media/images/20200306/9/4079606/64983824/3/3_org_zoom.jpeg;
Penti;Kadın Çok Renkli Trust Your Beauty 5'Li Slip;211;29261192;XS;Mor;outstock;35.97;59.95;nullKampanya fiyatından satılmak üzere 50 adetten fazla stok sunulmuştur.İncelemiş olduğunuz ürünün satış fiyatını satıcı belirlemektedir.;https://cdn.dsmcdn.com//ty4/product/media/images/20200518/22/1455665/61950687/2/2_org_zoom.jpeg,https://cdn.dsmcdn.com//ty4/product/media/images/20200518/22/1455665/61950687/3/3_org_zoom.jpeg,https://cdn.dsmcdn.com//ty4/product/media/images/20200518/22/1455665/61950687/4/4_org_zoom.jpeg,https://cdn.dsmcdn.com//ty4/product/media/images/20200518/22/1455665/61950687/5/5_org_zoom.jpeg,https://cdn.dsmcdn.com//ty4/product/media/images/20200518/22/1455665/61950687/6/6_org_zoom.jpeg;
Penti;Kadın Çok Renkli Trust Your Beauty 5'Li Slip;212;29261192;S;Mor;instock;35.97;59.95;nullKampanya fiyatından satılmak üzere 50 adetten fazla stok sunulmuştur.İncelemiş olduğunuz ürünün satış fiyatını satıcı belirlemektedir.;https://cdn.dsmcdn.com//ty4/product/media/images/20200518/22/1455665/61950687/2/2_org_zoom.jpeg,https://cdn.dsmcdn.com//ty4/product/media/images/20200518/22/1455665/61950687/3/3_org_zoom.jpeg,https://cdn.dsmcdn.com//ty4/product/media/images/20200518/22/1455665/61950687/4/4_org_zoom.jpeg,https://cdn.dsmcdn.com//ty4/product/media/images/20200518/22/1455665/61950687/5/5_org_zoom.jpeg,https://cdn.dsmcdn.com//ty4/product/media/images/20200518/22/1455665/61950687/6/6_org_zoom.jpeg;
Penti;Kadın Çok Renkli Trust Your Beauty 5'Li Slip;213;29261192;L;Mor;instock;35.97;59.95;nullKampanya fiyatından satılmak üzere 50 adetten fazla stok sunulmuştur.İncelemiş olduğunuz ürünün satış fiyatını satıcı belirlemektedir.;https://cdn.dsmcdn.com//ty4/product/media/images/20200518/22/1455665/61950687/2/2_org_zoom.jpeg,https://cdn.dsmcdn.com//ty4/product/media/images/20200518/22/1455665/61950687/3/3_org_zoom.jpeg,https://cdn.dsmcdn.com//ty4/product/media/images/20200518/22/1455665/61950687/4/4_org_zoom.jpeg,https://cdn.dsmcdn.com//ty4/product/media/images/20200518/22/1455665/61950687/5/5_org_zoom.jpeg,https://cdn.dsmcdn.com//ty4/product/media/images/20200518/22/1455665/61950687/6/6_org_zoom.jpeg;
Penti;Kadın Çok Renkli Trust Your Beauty 5'Li Slip;214;29261192;XL;Mor;outstock;35.97;59.95;nullKampanya fiyatından satılmak üzere 50 adetten fazla stok sunulmuştur.İncelemiş olduğunuz ürünün satış fiyatını satıcı belirlemektedir.;https://cdn.dsmcdn.com//ty4/product/media/images/20200518/22/1455665/61950687/2/2_org_zoom.jpeg,https://cdn.dsmcdn.com//ty4/product/media/images/20200518/22/1455665/61950687/3/3_org_zoom.jpeg,https://cdn.dsmcdn.com//ty4/product/media/images/20200518/22/1455665/61950687/4/4_org_zoom.jpeg,https://cdn.dsmcdn.com//ty4/product/media/images/20200518/22/1455665/61950687/5/5_org_zoom.jpeg,https://cdn.dsmcdn.com//ty4/product/media/images/20200518/22/1455665/61950687/6/6_org_zoom.jpeg;
Penti;Kadın Çok Renkli Believe In Yourself 5'li Slip;215;32218952;XS;Mor;outstock;35.97;59.95;null / KADIN /Kampanya fiyatından satılmak üzere 50 adetten fazla stok sunulmuştur.İncelemiş olduğunuz ürünün satış fiyatını satıcı belirlemektedir.;https://cdn.dsmcdn.com//ty4/product/media/images/20200518/22/1455665/68350842/2/2_org_zoom.jpeg,https://cdn.dsmcdn.com//ty3/product/media/images/20200518/22/1455665/68350842/3/3_org_zoom.jpeg,https://cdn.dsmcdn.com//ty3/product/media/images/20200518/22/1455665/68350842/4/4_org_zoom.jpeg,https://cdn.dsmcdn.com//ty3/product/media/images/20200518/22/1455665/68350842/5/5_org_zoom.jpeg,https://cdn.dsmcdn.com//ty3/product/media/images/20200518/22/1455665/68350842/6/6_org_zoom.jpeg;
Penti;Kadın Çok Renkli Believe In Yourself 5'li Slip;216;32218952;S;Mor;instock;35.97;59.95;null / KADIN /Kampanya fiyatından satılmak üzere 50 adetten fazla stok sunulmuştur.İncelemiş olduğunuz ürünün satış fiyatını satıcı belirlemektedir.;https://cdn.dsmcdn.com//ty4/product/media/images/20200518/22/1455665/68350842/2/2_org_zoom.jpeg,https://cdn.dsmcdn.com//ty3/product/media/images/20200518/22/1455665/68350842/3/3_org_zoom.jpeg,https://cdn.dsmcdn.com//ty3/product/media/images/20200518/22/1455665/68350842/4/4_org_zoom.jpeg,https://cdn.dsmcdn.com//ty3/product/media/images/20200518/22/1455665/68350842/5/5_org_zoom.jpeg,https://cdn.dsmcdn.com//ty3/product/media/images/20200518/22/1455665/68350842/6/6_org_zoom.jpeg;
Penti;Kadın Çok Renkli Believe In Yourself 5'li Slip;217;32218952;M;Mor;instock;35.97;59.95;null / KADIN /Kampanya fiyatından satılmak üzere 50 adetten fazla stok sunulmuştur.İncelemiş olduğunuz ürünün satış fiyatını satıcı belirlemektedir.;https://cdn.dsmcdn.com//ty4/product/media/images/20200518/22/1455665/68350842/2/2_org_zoom.jpeg,https://cdn.dsmcdn.com//ty3/product/media/images/20200518/22/1455665/68350842/3/3_org_zoom.jpeg,https://cdn.dsmcdn.com//ty3/product/media/images/20200518/22/1455665/68350842/4/4_org_zoom.jpeg,https://cdn.dsmcdn.com//ty3/product/media/images/20200518/22/1455665/68350842/5/5_org_zoom.jpeg,https://cdn.dsmcdn.com//ty3/product/media/images/20200518/22/1455665/68350842/6/6_org_zoom.jpeg;
Penti;Kadın Çok Renkli Believe In Yourself 5'li Slip;218;32218952;L;Mor;instock;35.97;59.95;null / KADIN /Kampanya fiyatından satılmak üzere 50 adetten fazla stok sunulmuştur.İncelemiş olduğunuz ürünün satış fiyatını satıcı belirlemektedir.;https://cdn.dsmcdn.com//ty4/product/media/images/20200518/22/1455665/68350842/2/2_org_zoom.jpeg,https://cdn.dsmcdn.com//ty3/product/media/images/20200518/22/1455665/68350842/3/3_org_zoom.jpeg,https://cdn.dsmcdn.com//ty3/product/media/images/20200518/22/1455665/68350842/4/4_org_zoom.jpeg,https://cdn.dsmcdn.com//ty3/product/media/images/20200518/22/1455665/68350842/5/5_org_zoom.jpeg,https://cdn.dsmcdn.com//ty3/product/media/images/20200518/22/1455665/68350842/6/6_org_zoom.jpeg;
Penti;Kadın Çok Renkli Believe In Yourself 5'li Slip;219;32218952;XL;Mor;outstock;35.97;59.95;null / KADIN /Kampanya fiyatından satılmak üzere 50 adetten fazla stok sunulmuştur.İncelemiş olduğunuz ürünün satış fiyatını satıcı belirlemektedir.;https://cdn.dsmcdn.com//ty4/product/media/images/20200518/22/1455665/68350842/2/2_org_zoom.jpeg,https://cdn.dsmcdn.com//ty3/product/media/images/20200518/22/1455665/68350842/3/3_org_zoom.jpeg,https://cdn.dsmcdn.com//ty3/product/media/images/20200518/22/1455665/68350842/4/4_org_zoom.jpeg,https://cdn.dsmcdn.com//ty3/product/media/images/20200518/22/1455665/68350842/5/5_org_zoom.jpeg,https://cdn.dsmcdn.com//ty3/product/media/images/20200518/22/1455665/68350842/6/6_org_zoom.jpeg;
US Polo Assn;Kadın 5'li Siyah-Ten-Beyaz-Fuşya-Lacivert Slip Düşük Bel USB67001;220;1439930;36;SİY.+TEN+BEY+FUŞ+LACİ.;outstock;73.4;101.36;%47 Pamuk %47 Modal %6 ElastanModelin Ölçüleri: Boy: 1.80, Göğüs: 89, Bel: 64, Kalça: 92Numune Bedeni: S/36/1Kampanya fiyatından satılmak üzere 5 adetten fazla stok sunulmuştur.İncelemiş olduğunuz ürünün satış fiyatını satıcı belirlemektedir.;https://cdn.dsmcdn.com//assets/product/media/images/20200128/16/2588337/6071638/1/1_org_zoom.jpg,https://cdn.dsmcdn.com//assets/product/media/images/20200128/16/2588337/6071638/2/2_org_zoom.jpg,https://cdn.dsmcdn.com//assets/product/media/images/20200128/16/2588337/6071638/3/3_org_zoom.jpg,https://cdn.dsmcdn.com//assets/product/media/images/20200128/16/2588337/6071638/4/4_org_zoom.jpg,https://cdn.dsmcdn.com//assets/product/media/images/20200128/16/2588337/6071638/5/5_org_zoom.jpg,https://cdn.dsmcdn.com//assets/product/media/images/20200128/16/2588337/6071638/6/6_org_zoom.jpg,https://cdn.dsmcdn.com//assets/product/media/images/20200128/16/2588337/6071638/7/7_org_zoom.jpg;
US Polo Assn;Kadın 5'li Siyah-Ten-Beyaz-Fuşya-Lacivert Slip Düşük Bel USB67001;221;1439930;38;SİY.+TEN+BEY+FUŞ+LACİ.;outstock;73.4;101.36;%47 Pamuk %47 Modal %6 ElastanModelin Ölçüleri: Boy: 1.80, Göğüs: 89, Bel: 64, Kalça: 92Numune Bedeni: S/36/1Kampanya fiyatından satılmak üzere 5 adetten fazla stok sunulmuştur.İncelemiş olduğunuz ürünün satış fiyatını satıcı belirlemektedir.;https://cdn.dsmcdn.com//assets/product/media/images/20200128/16/2588337/6071638/1/1_org_zoom.jpg,https://cdn.dsmcdn.com//assets/product/media/images/20200128/16/2588337/6071638/2/2_org_zoom.jpg,https://cdn.dsmcdn.com//assets/product/media/images/20200128/16/2588337/6071638/3/3_org_zoom.jpg,https://cdn.dsmcdn.com//assets/product/media/images/20200128/16/2588337/6071638/4/4_org_zoom.jpg,https://cdn.dsmcdn.com//assets/product/media/images/20200128/16/2588337/6071638/5/5_org_zoom.jpg,https://cdn.dsmcdn.com//assets/product/media/images/20200128/16/2588337/6071638/6/6_org_zoom.jpg,https://cdn.dsmcdn.com//assets/product/media/images/20200128/16/2588337/6071638/7/7_org_zoom.jpg;
US Polo Assn;Kadın 5'li Siyah-Ten-Beyaz-Fuşya-Lacivert Slip Düşük Bel USB67001;222;1439930;40;SİY.+TEN+BEY+FUŞ+LACİ.;instock;73.4;101.36;%47 Pamuk %47 Modal %6 ElastanModelin Ölçüleri: Boy: 1.80, Göğüs: 89, Bel: 64, Kalça: 92Numune Bedeni: S/36/1Kampanya fiyatından satılmak üzere 5 adetten fazla stok sunulmuştur.İncelemiş olduğunuz ürünün satış fiyatını satıcı belirlemektedir.;https://cdn.dsmcdn.com//assets/product/media/images/20200128/16/2588337/6071638/1/1_org_zoom.jpg,https://cdn.dsmcdn.com//assets/product/media/images/20200128/16/2588337/6071638/2/2_org_zoom.jpg,https://cdn.dsmcdn.com//assets/product/media/images/20200128/16/2588337/6071638/3/3_org_zoom.jpg,https://cdn.dsmcdn.com//assets/product/media/images/20200128/16/2588337/6071638/4/4_org_zoom.jpg,https://cdn.dsmcdn.com//assets/product/media/images/20200128/16/2588337/6071638/5/5_org_zoom.jpg,https://cdn.dsmcdn.com//assets/product/media/images/20200128/16/2588337/6071638/6/6_org_zoom.jpg,https://cdn.dsmcdn.com//assets/product/media/images/20200128/16/2588337/6071638/7/7_org_zoom.jpg;
US Polo Assn;Kadın 5'li Siyah-Ten-Beyaz-Fuşya-Lacivert Slip Düşük Bel USB67001;223;1439930;42;SİY.+TEN+BEY+FUŞ+LACİ.;outstock;73.4;101.36;%47 Pamuk %47 Modal %6 ElastanModelin Ölçüleri: Boy: 1.80, Göğüs: 89, Bel: 64, Kalça: 92Numune Bedeni: S/36/1Kampanya fiyatından satılmak üzere 5 adetten fazla stok sunulmuştur.İncelemiş olduğunuz ürünün satış fiyatını satıcı belirlemektedir.;https://cdn.dsmcdn.com//assets/product/media/images/20200128/16/2588337/6071638/1/1_org_zoom.jpg,https://cdn.dsmcdn.com//assets/product/media/images/20200128/16/2588337/6071638/2/2_org_zoom.jpg,https://cdn.dsmcdn.com//assets/product/media/images/20200128/16/2588337/6071638/3/3_org_zoom.jpg,https://cdn.dsmcdn.com//assets/product/media/images/20200128/16/2588337/6071638/4/4_org_zoom.jpg,https://cdn.dsmcdn.com//assets/product/media/images/20200128/16/2588337/6071638/5/5_org_zoom.jpg,https://cdn.dsmcdn.com//assets/product/media/images/20200128/16/2588337/6071638/6/6_org_zoom.jpg,https://cdn.dsmcdn.com//assets/product/media/images/20200128/16/2588337/6071638/7/7_org_zoom.jpg;
Penti;Kadın Çok Renkli Soft Pointel 3'Lü Slip;224;29261201;XS;Mor;outstock;23.97;39.95;nullKampanya fiyatından satılmak üzere 100 adetten fazla stok sunulmuştur.İncelemiş olduğunuz ürünün satış fiyatını satıcı belirlemektedir.;https://cdn.dsmcdn.com//ty3/product/media/images/20200518/22/1455665/61950717/2/2_org_zoom.jpeg,https://cdn.dsmcdn.com//ty4/product/media/images/20200518/22/1455665/61950717/3/3_org_zoom.jpeg,https://cdn.dsmcdn.com//ty4/product/media/images/20200518/22/1455665/61950717/4/4_org_zoom.jpeg;
Penti;Kadın Çok Renkli Soft Pointel 3'Lü Slip;225;29261201;S;Mor;instock;23.97;39.95;nullKampanya fiyatından satılmak üzere 100 adetten fazla stok sunulmuştur.İncelemiş olduğunuz ürünün satış fiyatını satıcı belirlemektedir.;https://cdn.dsmcdn.com//ty3/product/media/images/20200518/22/1455665/61950717/2/2_org_zoom.jpeg,https://cdn.dsmcdn.com//ty4/product/media/images/20200518/22/1455665/61950717/3/3_org_zoom.jpeg,https://cdn.dsmcdn.com//ty4/product/media/images/20200518/22/1455665/61950717/4/4_org_zoom.jpeg;
Penti;Kadın Çok Renkli Soft Pointel 3'Lü Slip;226;29261201;M;Mor;instock;23.97;39.95;nullKampanya fiyatından satılmak üzere 100 adetten fazla stok sunulmuştur.İncelemiş olduğunuz ürünün satış fiyatını satıcı belirlemektedir.;https://cdn.dsmcdn.com//ty3/product/media/images/20200518/22/1455665/61950717/2/2_org_zoom.jpeg,https://cdn.dsmcdn.com//ty4/product/media/images/20200518/22/1455665/61950717/3/3_org_zoom.jpeg,https://cdn.dsmcdn.com//ty4/product/media/images/20200518/22/1455665/61950717/4/4_org_zoom.jpeg;
Penti;Kadın Çok Renkli Soft Pointel 3'Lü Slip;227;29261201;XL;Mor;instock;23.97;39.95;nullKampanya fiyatından satılmak üzere 100 adetten fazla stok sunulmuştur.İncelemiş olduğunuz ürünün satış fiyatını satıcı belirlemektedir.;https://cdn.dsmcdn.com//ty3/product/media/images/20200518/22/1455665/61950717/2/2_org_zoom.jpeg,https://cdn.dsmcdn.com//ty4/product/media/images/20200518/22/1455665/61950717/3/3_org_zoom.jpeg,https://cdn.dsmcdn.com//ty4/product/media/images/20200518/22/1455665/61950717/4/4_org_zoom.jpeg;
Penti;Çok Renkli Waiting For Sun 5'li Slip;228;29700278;XS;Mor;instock;35.97;59.95;nullKampanya fiyatından satılmak üzere 50 adetten fazla stok sunulmuştur.İncelemiş olduğunuz ürünün satış fiyatını satıcı belirlemektedir.;https://cdn.dsmcdn.com//ty4/product/media/images/20200518/22/1455665/62985351/2/2_org_zoom.jpeg,https://cdn.dsmcdn.com//ty3/product/media/images/20200518/22/1455665/62985351/3/3_org_zoom.jpeg,https://cdn.dsmcdn.com//ty4/product/media/images/20200518/22/1455665/62985351/4/4_org_zoom.jpeg,https://cdn.dsmcdn.com//ty4/product/media/images/20200518/22/1455665/62985351/5/5_org_zoom.jpeg,https://cdn.dsmcdn.com//ty3/product/media/images/20200518/22/1455665/62985351/6/6_org_zoom.jpeg;
Penti;Çok Renkli Waiting For Sun 5'li Slip;229;29700278;S;Mor;instock;35.97;59.95;nullKampanya fiyatından satılmak üzere 50 adetten fazla stok sunulmuştur.İncelemiş olduğunuz ürünün satış fiyatını satıcı belirlemektedir.;https://cdn.dsmcdn.com//ty4/product/media/images/20200518/22/1455665/62985351/2/2_org_zoom.jpeg,https://cdn.dsmcdn.com//ty3/product/media/images/20200518/22/1455665/62985351/3/3_org_zoom.jpeg,https://cdn.dsmcdn.com//ty4/product/media/images/20200518/22/1455665/62985351/4/4_org_zoom.jpeg,https://cdn.dsmcdn.com//ty4/product/media/images/20200518/22/1455665/62985351/5/5_org_zoom.jpeg,https://cdn.dsmcdn.com//ty3/product/media/images/20200518/22/1455665/62985351/6/6_org_zoom.jpeg;
Penti;Çok Renkli Waiting For Sun 5'li Slip;230;29700278;M;Mor;instock;35.97;59.95;nullKampanya fiyatından satılmak üzere 50 adetten fazla stok sunulmuştur.İncelemiş olduğunuz ürünün satış fiyatını satıcı belirlemektedir.;https://cdn.dsmcdn.com//ty4/product/media/images/20200518/22/1455665/62985351/2/2_org_zoom.jpeg,https://cdn.dsmcdn.com//ty3/product/media/images/20200518/22/1455665/62985351/3/3_org_zoom.jpeg,https://cdn.dsmcdn.com//ty4/product/media/images/20200518/22/1455665/62985351/4/4_org_zoom.jpeg,https://cdn.dsmcdn.com//ty4/product/media/images/20200518/22/1455665/62985351/5/5_org_zoom.jpeg,https://cdn.dsmcdn.com//ty3/product/media/images/20200518/22/1455665/62985351/6/6_org_zoom.jpeg;
Penti;Çok Renkli Waiting For Sun 5'li Slip;231;29700278;L;Mor;instock;35.97;59.95;nullKampanya fiyatından satılmak üzere 50 adetten fazla stok sunulmuştur.İncelemiş olduğunuz ürünün satış fiyatını satıcı belirlemektedir.;https://cdn.dsmcdn.com//ty4/product/media/images/20200518/22/1455665/62985351/2/2_org_zoom.jpeg,https://cdn.dsmcdn.com//ty3/product/media/images/20200518/22/1455665/62985351/3/3_org_zoom.jpeg,https://cdn.dsmcdn.com//ty4/product/media/images/20200518/22/1455665/62985351/4/4_org_zoom.jpeg,https://cdn.dsmcdn.com//ty4/product/media/images/20200518/22/1455665/62985351/5/5_org_zoom.jpeg,https://cdn.dsmcdn.com//ty3/product/media/images/20200518/22/1455665/62985351/6/6_org_zoom.jpeg;
Penti;Çok Renkli Waiting For Sun 5'li Slip;232;29700278;XL;Mor;instock;35.97;59.95;nullKampanya fiyatından satılmak üzere 50 adetten fazla stok sunulmuştur.İncelemiş olduğunuz ürünün satış fiyatını satıcı belirlemektedir.;https://cdn.dsmcdn.com//ty4/product/media/images/20200518/22/1455665/62985351/2/2_org_zoom.jpeg,https://cdn.dsmcdn.com//ty3/product/media/images/20200518/22/1455665/62985351/3/3_org_zoom.jpeg,https://cdn.dsmcdn.com//ty4/product/media/images/20200518/22/1455665/62985351/4/4_org_zoom.jpeg,https://cdn.dsmcdn.com//ty4/product/media/images/20200518/22/1455665/62985351/5/5_org_zoom.jpeg,https://cdn.dsmcdn.com//ty3/product/media/images/20200518/22/1455665/62985351/6/6_org_zoom.jpeg;
Penti;Çok Renkli Inner Unicorn 5'li Slip;233;30136841;XS;Mor;outstock;35.97;59.95;nullKampanya fiyatından satılmak üzere 50 adetten fazla stok sunulmuştur.İncelemiş olduğunuz ürünün satış fiyatını satıcı belirlemektedir.;https://cdn.dsmcdn.com//ty4/product/media/images/20200518/22/1455665/64098904/2/2_org_zoom.jpeg,https://cdn.dsmcdn.com//ty3/product/media/images/20200518/22/1455665/64098904/4/4_org_zoom.jpeg,https://cdn.dsmcdn.com//ty4/product/media/images/20200518/22/1455665/64098904/5/5_org_zoom.jpeg,https://cdn.dsmcdn.com//ty3/product/media/images/20200518/22/1455665/64098904/6/6_org_zoom.jpeg;
Penti;Çok Renkli Inner Unicorn 5'li Slip;234;30136841;M;Mor;instock;35.97;59.95;nullKampanya fiyatından satılmak üzere 50 adetten fazla stok sunulmuştur.İncelemiş olduğunuz ürünün satış fiyatını satıcı belirlemektedir.;https://cdn.dsmcdn.com//ty4/product/media/images/20200518/22/1455665/64098904/2/2_org_zoom.jpeg,https://cdn.dsmcdn.com//ty3/product/media/images/20200518/22/1455665/64098904/4/4_org_zoom.jpeg,https://cdn.dsmcdn.com//ty4/product/media/images/20200518/22/1455665/64098904/5/5_org_zoom.jpeg,https://cdn.dsmcdn.com//ty3/product/media/images/20200518/22/1455665/64098904/6/6_org_zoom.jpeg;
Penti;Çok Renkli Inner Unicorn 5'li Slip;235;30136841;L;Mor;instock;35.97;59.95;nullKampanya fiyatından satılmak üzere 50 adetten fazla stok sunulmuştur.İncelemiş olduğunuz ürünün satış fiyatını satıcı belirlemektedir.;https://cdn.dsmcdn.com//ty4/product/media/images/20200518/22/1455665/64098904/2/2_org_zoom.jpeg,https://cdn.dsmcdn.com//ty3/product/media/images/20200518/22/1455665/64098904/4/4_org_zoom.jpeg,https://cdn.dsmcdn.com//ty4/product/media/images/20200518/22/1455665/64098904/5/5_org_zoom.jpeg,https://cdn.dsmcdn.com//ty3/product/media/images/20200518/22/1455665/64098904/6/6_org_zoom.jpeg;
Penti;Çok Renkli Inner Unicorn 5'li Slip;236;30136841;XL;Mor;instock;35.97;59.95;nullKampanya fiyatından satılmak üzere 50 adetten fazla stok sunulmuştur.İncelemiş olduğunuz ürünün satış fiyatını satıcı belirlemektedir.;https://cdn.dsmcdn.com//ty4/product/media/images/20200518/22/1455665/64098904/2/2_org_zoom.jpeg,https://cdn.dsmcdn.com//ty3/product/media/images/20200518/22/1455665/64098904/4/4_org_zoom.jpeg,https://cdn.dsmcdn.com//ty4/product/media/images/20200518/22/1455665/64098904/5/5_org_zoom.jpeg,https://cdn.dsmcdn.com//ty3/product/media/images/20200518/22/1455665/64098904/6/6_org_zoom.jpeg;
Penti;Kadın Çok Renkli Spring 3'lü Slip;237;29123140;XS;Mor;instock;23.97;39.95;nullKampanya fiyatından satılmak üzere 50 adetten fazla stok sunulmuştur.İncelemiş olduğunuz ürünün satış fiyatını satıcı belirlemektedir.;https://cdn.dsmcdn.com//ty4/product/media/images/20200518/22/1455665/61623370/2/2_org_zoom.jpeg,https://cdn.dsmcdn.com//ty3/product/media/images/20200518/22/1455665/61623370/3/3_org_zoom.jpeg,https://cdn.dsmcdn.com//ty3/product/media/images/20200518/22/1455665/61623370/4/4_org_zoom.jpeg;
Penti;Kadın Çok Renkli Spring 3'lü Slip;238;29123140;S;Mor;instock;23.97;39.95;nullKampanya fiyatından satılmak üzere 50 adetten fazla stok sunulmuştur.İncelemiş olduğunuz ürünün satış fiyatını satıcı belirlemektedir.;https://cdn.dsmcdn.com//ty4/product/media/images/20200518/22/1455665/61623370/2/2_org_zoom.jpeg,https://cdn.dsmcdn.com//ty3/product/media/images/20200518/22/1455665/61623370/3/3_org_zoom.jpeg,https://cdn.dsmcdn.com//ty3/product/media/images/20200518/22/1455665/61623370/4/4_org_zoom.jpeg;
Penti;Kadın Çok Renkli Spring 3'lü Slip;239;29123140;M;Mor;instock;23.97;39.95;nullKampanya fiyatından satılmak üzere 50 adetten fazla stok sunulmuştur.İncelemiş olduğunuz ürünün satış fiyatını satıcı belirlemektedir.;https://cdn.dsmcdn.com//ty4/product/media/images/20200518/22/1455665/61623370/2/2_org_zoom.jpeg,https://cdn.dsmcdn.com//ty3/product/media/images/20200518/22/1455665/61623370/3/3_org_zoom.jpeg,https://cdn.dsmcdn.com//ty3/product/media/images/20200518/22/1455665/61623370/4/4_org_zoom.jpeg;
Penti;Kadın Çok Renkli Spring 3'lü Slip;240;29123140;L;Mor;instock;23.97;39.95;nullKampanya fiyatından satılmak üzere 50 adetten fazla stok sunulmuştur.İncelemiş olduğunuz ürünün satış fiyatını satıcı belirlemektedir.;https://cdn.dsmcdn.com//ty4/product/media/images/20200518/22/1455665/61623370/2/2_org_zoom.jpeg,https://cdn.dsmcdn.com//ty3/product/media/images/20200518/22/1455665/61623370/3/3_org_zoom.jpeg,https://cdn.dsmcdn.com//ty3/product/media/images/20200518/22/1455665/61623370/4/4_org_zoom.jpeg;
Penti;Kadın Çok Renkli Spring 3'lü Slip;241;29123140;XL;Mor;instock;23.97;39.95;nullKampanya fiyatından satılmak üzere 50 adetten fazla stok sunulmuştur.İncelemiş olduğunuz ürünün satış fiyatını satıcı belirlemektedir.;https://cdn.dsmcdn.com//ty4/product/media/images/20200518/22/1455665/61623370/2/2_org_zoom.jpeg,https://cdn.dsmcdn.com//ty3/product/media/images/20200518/22/1455665/61623370/3/3_org_zoom.jpeg,https://cdn.dsmcdn.com//ty3/product/media/images/20200518/22/1455665/61623370/4/4_org_zoom.jpeg;
Penti;Siyah Kadın Nu Basic Yüksek Bel Slip PLNBYBSL15SK;242;836338;S/M;Ten;instock;34.95;34.95;%90 Polyamid %10 ElastanKampanya fiyatından satılmak üzere 10 adetten fazla stok sunulmuştur.İncelemiş olduğunuz ürünün satış fiyatını satıcı belirlemektedir.;https://cdn.dsmcdn.com//Assets/ProductImages/oa/72/1123268/1/6300250274393_1_org_zoom.jpg,https://cdn.dsmcdn.com//Assets/ProductImages/oa/72/1123268/2/6300250274393_2_org_zoom.jpg;
Penti;Siyah Kadın Nu Basic Yüksek Bel Slip PLNBYBSL15SK;243;836338;M/L;Ten;instock;34.95;34.95;%90 Polyamid %10 ElastanKampanya fiyatından satılmak üzere 10 adetten fazla stok sunulmuştur.İncelemiş olduğunuz ürünün satış fiyatını satıcı belirlemektedir.;https://cdn.dsmcdn.com//Assets/ProductImages/oa/72/1123268/1/6300250274393_1_org_zoom.jpg,https://cdn.dsmcdn.com//Assets/ProductImages/oa/72/1123268/2/6300250274393_2_org_zoom.jpg;
Penti;Siyah Kadın Nu Basic Yüksek Bel Slip PLNBYBSL15SK;244;836338;L/XL;Ten;instock;34.95;34.95;%90 Polyamid %10 ElastanKampanya fiyatından satılmak üzere 10 adetten fazla stok sunulmuştur.İncelemiş olduğunuz ürünün satış fiyatını satıcı belirlemektedir.;https://cdn.dsmcdn.com//Assets/ProductImages/oa/72/1123268/1/6300250274393_1_org_zoom.jpg,https://cdn.dsmcdn.com//Assets/ProductImages/oa/72/1123268/2/6300250274393_2_org_zoom.jpg;
Pierre Cardin;Kadın Dantelli Slip 3'lü Ekonomik Paket;245;543409;36;KARIŞIK;instock;30.2;60.4;%90 Pamuk %10 Elastan3'lü Ekonomik Paket - Dantelli Slip - Ekru-Mor-SiyahKampanya fiyatından satılmak üzere 100 adetten fazla stok sunulmuştur.İncelemiş olduğunuz ürünün satış fiyatını satıcı belirlemektedir.;https://cdn.dsmcdn.com//assets/product/media/images/20191024/9/456993/7707015/5/5_org_zoom.jpg,https://cdn.dsmcdn.com//assets/product/media/images/20191024/9/456993/7707015/1/1_org_zoom.jpg,https://cdn.dsmcdn.com//assets/product/media/images/20191024/9/456993/7707015/4/4_org_zoom.jpg,https://cdn.dsmcdn.com//assets/product/media/images/20191024/9/456993/7707015/2/2_org_zoom.jpg,https://cdn.dsmcdn.com//assets/product/media/images/20191024/9/456993/7707015/3/3_org_zoom.jpg;
Pierre Cardin;Kadın Dantelli Slip 3'lü Ekonomik Paket;246;543409;38;KARIŞIK;instock;30.2;60.4;%90 Pamuk %10 Elastan3'lü Ekonomik Paket - Dantelli Slip - Ekru-Mor-SiyahKampanya fiyatından satılmak üzere 100 adetten fazla stok sunulmuştur.İncelemiş olduğunuz ürünün satış fiyatını satıcı belirlemektedir.;https://cdn.dsmcdn.com//assets/product/media/images/20191024/9/456993/7707015/5/5_org_zoom.jpg,https://cdn.dsmcdn.com//assets/product/media/images/20191024/9/456993/7707015/1/1_org_zoom.jpg,https://cdn.dsmcdn.com//assets/product/media/images/20191024/9/456993/7707015/4/4_org_zoom.jpg,https://cdn.dsmcdn.com//assets/product/media/images/20191024/9/456993/7707015/2/2_org_zoom.jpg,https://cdn.dsmcdn.com//assets/product/media/images/20191024/9/456993/7707015/3/3_org_zoom.jpg;
Pierre Cardin;Kadın Dantelli Slip 3'lü Ekonomik Paket;247;543409;40;KARIŞIK;instock;30.2;60.4;%90 Pamuk %10 Elastan3'lü Ekonomik Paket - Dantelli Slip - Ekru-Mor-SiyahKampanya fiyatından satılmak üzere 100 adetten fazla stok sunulmuştur.İncelemiş olduğunuz ürünün satış fiyatını satıcı belirlemektedir.;https://cdn.dsmcdn.com//assets/product/media/images/20191024/9/456993/7707015/5/5_org_zoom.jpg,https://cdn.dsmcdn.com//assets/product/media/images/20191024/9/456993/7707015/1/1_org_zoom.jpg,https://cdn.dsmcdn.com//assets/product/media/images/20191024/9/456993/7707015/4/4_org_zoom.jpg,https://cdn.dsmcdn.com//assets/product/media/images/20191024/9/456993/7707015/2/2_org_zoom.jpg,https://cdn.dsmcdn.com//assets/product/media/images/20191024/9/456993/7707015/3/3_org_zoom.jpg;
Pierre Cardin;Kadın Dantelli Slip 3'lü Ekonomik Paket;248;543409;42;KARIŞIK;instock;30.2;60.4;%90 Pamuk %10 Elastan3'lü Ekonomik Paket - Dantelli Slip - Ekru-Mor-SiyahKampanya fiyatından satılmak üzere 100 adetten fazla stok sunulmuştur.İncelemiş olduğunuz ürünün satış fiyatını satıcı belirlemektedir.;https://cdn.dsmcdn.com//assets/product/media/images/20191024/9/456993/7707015/5/5_org_zoom.jpg,https://cdn.dsmcdn.com//assets/product/media/images/20191024/9/456993/7707015/1/1_org_zoom.jpg,https://cdn.dsmcdn.com//assets/product/media/images/20191024/9/456993/7707015/4/4_org_zoom.jpg,https://cdn.dsmcdn.com//assets/product/media/images/20191024/9/456993/7707015/2/2_org_zoom.jpg,https://cdn.dsmcdn.com//assets/product/media/images/20191024/9/456993/7707015/3/3_org_zoom.jpg;
Pierre Cardin;Kadın Dantelli Slip 3'lü Ekonomik Paket;249;543409;44;KARIŞIK;outstock;30.99;61.98;%90 Pamuk %10 Elastan3'lü Ekonomik Paket - Dantelli Slip - Ekru-Mor-SiyahKampanya fiyatından satılmak üzere 100 adetten fazla stok sunulmuştur.İncelemiş olduğunuz ürünün satış fiyatını satıcı belirlemektedir.;https://cdn.dsmcdn.com//assets/product/media/images/20191024/9/456993/7707015/5/5_org_zoom.jpg,https://cdn.dsmcdn.com//assets/product/media/images/20191024/9/456993/7707015/1/1_org_zoom.jpg,https://cdn.dsmcdn.com//assets/product/media/images/20191024/9/456993/7707015/4/4_org_zoom.jpg,https://cdn.dsmcdn.com//assets/product/media/images/20191024/9/456993/7707015/2/2_org_zoom.jpg,https://cdn.dsmcdn.com//assets/product/media/images/20191024/9/456993/7707015/3/3_org_zoom.jpg;
Dagi;Kadın Siyah Yüksek Bel Slip 3'Lü Külot B0169275;250;1881760;36;SİYAH;instock;57;79;Kampanya fiyatından satılmak üzere 5 adetten az stok bulunmaktadır.İncelemiş olduğunuz ürünün satış fiyatını satıcı belirlemektedir.;https://cdn.dsmcdn.com//Assets/ProductImages/oa/59/2344900/1/8681261333315_1_org_zoom.jpg,https://cdn.dsmcdn.com//Assets/ProductImages/oa/59/2344900/1/8681261333315_2_org_zoom.jpg;
Dagi;Kadın Siyah Yüksek Bel Slip 3'Lü Külot B0169275;251;1881760;38;SİYAH;outstock;69;79;Kampanya fiyatından satılmak üzere 5 adetten az stok bulunmaktadır.İncelemiş olduğunuz ürünün satış fiyatını satıcı belirlemektedir.;https://cdn.dsmcdn.com//Assets/ProductImages/oa/59/2344900/1/8681261333315_1_org_zoom.jpg,https://cdn.dsmcdn.com//Assets/ProductImages/oa/59/2344900/1/8681261333315_2_org_zoom.jpg;
Dagi;Kadın Siyah Yüksek Bel Slip 3'Lü Külot B0169275;252;1881760;40;SİYAH;outstock;69;79;Kampanya fiyatından satılmak üzere 5 adetten az stok bulunmaktadır.İncelemiş olduğunuz ürünün satış fiyatını satıcı belirlemektedir.;https://cdn.dsmcdn.com//Assets/ProductImages/oa/59/2344900/1/8681261333315_1_org_zoom.jpg,https://cdn.dsmcdn.com//Assets/ProductImages/oa/59/2344900/1/8681261333315_2_org_zoom.jpg;
Dagi;Kadın Siyah Yüksek Bel Slip 3'Lü Külot B0169275;253;1881760;42;SİYAH;instock;69;79;Kampanya fiyatından satılmak üzere 5 adetten az stok bulunmaktadır.İncelemiş olduğunuz ürünün satış fiyatını satıcı belirlemektedir.;https://cdn.dsmcdn.com//Assets/ProductImages/oa/59/2344900/1/8681261333315_1_org_zoom.jpg,https://cdn.dsmcdn.com//Assets/ProductImages/oa/59/2344900/1/8681261333315_2_org_zoom.jpg;
Penti;Siyah Kadın Nu Basic Yüksek Bel Slip PLNBYBSL15SK;254;836338;S/M;Siyah;instock;34.95;34.95;%90 Polyamid %10 ElastanKampanya fiyatından satılmak üzere 50 adetten fazla stok sunulmuştur.İncelemiş olduğunuz ürünün satış fiyatını satıcı belirlemektedir.;https://cdn.dsmcdn.com//Assets/ProductImages/oa/72/1123267/1/6300250274355_1_org_zoom.jpg,https://cdn.dsmcdn.com//Assets/ProductImages/oa/72/1123267/1/6300250274355_2_org_zoom.jpg;
Penti;Siyah Kadın Nu Basic Yüksek Bel Slip PLNBYBSL15SK;255;836338;M/L;Siyah;instock;34.95;34.95;%90 Polyamid %10 ElastanKampanya fiyatından satılmak üzere 50 adetten fazla stok sunulmuştur.İncelemiş olduğunuz ürünün satış fiyatını satıcı belirlemektedir.;https://cdn.dsmcdn.com//Assets/ProductImages/oa/72/1123267/1/6300250274355_1_org_zoom.jpg,https://cdn.dsmcdn.com//Assets/ProductImages/oa/72/1123267/1/6300250274355_2_org_zoom.jpg;
Penti;Siyah Kadın Nu Basic Yüksek Bel Slip PLNBYBSL15SK;256;836338;L/XL;Siyah;instock;34.95;34.95;%90 Polyamid %10 ElastanKampanya fiyatından satılmak üzere 50 adetten fazla stok sunulmuştur.İncelemiş olduğunuz ürünün satış fiyatını satıcı belirlemektedir.;https://cdn.dsmcdn.com//Assets/ProductImages/oa/72/1123267/1/6300250274355_1_org_zoom.jpg,https://cdn.dsmcdn.com//Assets/ProductImages/oa/72/1123267/1/6300250274355_2_org_zoom.jpg;
Penti;Kadın Siyah Lacy Slip Külot;257;29122762;XS;Siyah;instock;14.95;14.95;nullKampanya fiyatından satılmak üzere 10 adetten fazla stok sunulmuştur.İncelemiş olduğunuz ürünün satış fiyatını satıcı belirlemektedir.;https://cdn.dsmcdn.com//assets/product/media/images/20200106/13/1971334/61622588/1/1_org_zoom.jpg,https://cdn.dsmcdn.com//assets/product/media/images/20200106/13/1971334/61622588/2/2_org_zoom.jpg,https://cdn.dsmcdn.com//assets/product/media/images/20200106/13/1971334/61622588/3/3_org_zoom.jpg;
Penti;Kadın Siyah Lacy Slip Külot;258;29122762;S;Siyah;instock;14.95;14.95;nullKampanya fiyatından satılmak üzere 10 adetten fazla stok sunulmuştur.İncelemiş olduğunuz ürünün satış fiyatını satıcı belirlemektedir.;https://cdn.dsmcdn.com//assets/product/media/images/20200106/13/1971334/61622588/1/1_org_zoom.jpg,https://cdn.dsmcdn.com//assets/product/media/images/20200106/13/1971334/61622588/2/2_org_zoom.jpg,https://cdn.dsmcdn.com//assets/product/media/images/20200106/13/1971334/61622588/3/3_org_zoom.jpg;
Penti;Kadın Siyah Lacy Slip Külot;259;29122762;M;Siyah;instock;14.95;14.95;nullKampanya fiyatından satılmak üzere 10 adetten fazla stok sunulmuştur.İncelemiş olduğunuz ürünün satış fiyatını satıcı belirlemektedir.;https://cdn.dsmcdn.com//assets/product/media/images/20200106/13/1971334/61622588/1/1_org_zoom.jpg,https://cdn.dsmcdn.com//assets/product/media/images/20200106/13/1971334/61622588/2/2_org_zoom.jpg,https://cdn.dsmcdn.com//assets/product/media/images/20200106/13/1971334/61622588/3/3_org_zoom.jpg;
Penti;Kadın Siyah Lacy Slip Külot;260;29122762;L;Siyah;instock;14.95;14.95;nullKampanya fiyatından satılmak üzere 10 adetten fazla stok sunulmuştur.İncelemiş olduğunuz ürünün satış fiyatını satıcı belirlemektedir.;https://cdn.dsmcdn.com//assets/product/media/images/20200106/13/1971334/61622588/1/1_org_zoom.jpg,https://cdn.dsmcdn.com//assets/product/media/images/20200106/13/1971334/61622588/2/2_org_zoom.jpg,https://cdn.dsmcdn.com//assets/product/media/images/20200106/13/1971334/61622588/3/3_org_zoom.jpg;
Penti;Kadın Siyah Lacy Slip Külot;261;29122762;XL;Siyah;outstock;14.95;14.95;nullKampanya fiyatından satılmak üzere 10 adetten fazla stok sunulmuştur.İncelemiş olduğunuz ürünün satış fiyatını satıcı belirlemektedir.;https://cdn.dsmcdn.com//assets/product/media/images/20200106/13/1971334/61622588/1/1_org_zoom.jpg,https://cdn.dsmcdn.com//assets/product/media/images/20200106/13/1971334/61622588/2/2_org_zoom.jpg,https://cdn.dsmcdn.com//assets/product/media/images/20200106/13/1971334/61622588/3/3_org_zoom.jpg;
Penti;Açık Pembe Viva Slip Külot;262;29732874;XS;Pembe;outstock;14.95;29.95;nullKampanya fiyatından satılmak üzere 5 adetten az stok bulunmaktadır.İncelemiş olduğunuz ürünün satış fiyatını satıcı belirlemektedir.;https://cdn.dsmcdn.com//assets/product/media/images/20200204/8/2758729/63069545/1/1_org_zoom.jpeg,https://cdn.dsmcdn.com//assets/product/media/images/20200204/8/2758729/63069545/2/2_org_zoom.jpeg,https://cdn.dsmcdn.com//assets/product/media/images/20200204/8/2758729/63069545/3/3_org_zoom.jpeg,https://cdn.dsmcdn.com//assets/product/media/images/20200204/8/2758729/63069545/4/4_org_zoom.jpeg;
Penti;Açık Pembe Viva Slip Külot;263;29732874;M;Pembe;outstock;14.95;29.95;nullKampanya fiyatından satılmak üzere 5 adetten az stok bulunmaktadır.İncelemiş olduğunuz ürünün satış fiyatını satıcı belirlemektedir.;https://cdn.dsmcdn.com//assets/product/media/images/20200204/8/2758729/63069545/1/1_org_zoom.jpeg,https://cdn.dsmcdn.com//assets/product/media/images/20200204/8/2758729/63069545/2/2_org_zoom.jpeg,https://cdn.dsmcdn.com//assets/product/media/images/20200204/8/2758729/63069545/3/3_org_zoom.jpeg,https://cdn.dsmcdn.com//assets/product/media/images/20200204/8/2758729/63069545/4/4_org_zoom.jpeg;
Penti;Açık Pembe Viva Slip Külot;264;29732874;L;Pembe;outstock;14.95;29.95;nullKampanya fiyatından satılmak üzere 5 adetten az stok bulunmaktadır.İncelemiş olduğunuz ürünün satış fiyatını satıcı belirlemektedir.;https://cdn.dsmcdn.com//assets/product/media/images/20200204/8/2758729/63069545/1/1_org_zoom.jpeg,https://cdn.dsmcdn.com//assets/product/media/images/20200204/8/2758729/63069545/2/2_org_zoom.jpeg,https://cdn.dsmcdn.com//assets/product/media/images/20200204/8/2758729/63069545/3/3_org_zoom.jpeg,https://cdn.dsmcdn.com//assets/product/media/images/20200204/8/2758729/63069545/4/4_org_zoom.jpeg;
Penti;Açık Pembe Viva Slip Külot;265;29732874;XL;Pembe;outstock;14.95;29.95;nullKampanya fiyatından satılmak üzere 5 adetten az stok bulunmaktadır.İncelemiş olduğunuz ürünün satış fiyatını satıcı belirlemektedir.;https://cdn.dsmcdn.com//assets/product/media/images/20200204/8/2758729/63069545/1/1_org_zoom.jpeg,https://cdn.dsmcdn.com//assets/product/media/images/20200204/8/2758729/63069545/2/2_org_zoom.jpeg,https://cdn.dsmcdn.com//assets/product/media/images/20200204/8/2758729/63069545/3/3_org_zoom.jpeg,https://cdn.dsmcdn.com//assets/product/media/images/20200204/8/2758729/63069545/4/4_org_zoom.jpeg;
Penti;Kadın Kaki Lacy Slip Külot;266;29122760;XS;Kaki;outstock;14.95;14.95;nullKampanya fiyatından satılmak üzere 10 adetten fazla stok sunulmuştur.İncelemiş olduğunuz ürünün satış fiyatını satıcı belirlemektedir.;https://cdn.dsmcdn.com//assets/product/media/images/20200106/13/1971334/61622587/1/1_org_zoom.jpg,https://cdn.dsmcdn.com//assets/product/media/images/20200106/13/1971334/61622587/2/2_org_zoom.jpg,https://cdn.dsmcdn.com//assets/product/media/images/20200106/13/1971334/61622587/3/3_org_zoom.jpg,https://cdn.dsmcdn.com//assets/product/media/images/20200106/13/1971334/61622587/4/4_org_zoom.jpg;
Penti;Kadın Kaki Lacy Slip Külot;267;29122760;S;Kaki;instock;14.95;14.95;nullKampanya fiyatından satılmak üzere 10 adetten fazla stok sunulmuştur.İncelemiş olduğunuz ürünün satış fiyatını satıcı belirlemektedir.;https://cdn.dsmcdn.com//assets/product/media/images/20200106/13/1971334/61622587/1/1_org_zoom.jpg,https://cdn.dsmcdn.com//assets/product/media/images/20200106/13/1971334/61622587/2/2_org_zoom.jpg,https://cdn.dsmcdn.com//assets/product/media/images/20200106/13/1971334/61622587/3/3_org_zoom.jpg,https://cdn.dsmcdn.com//assets/product/media/images/20200106/13/1971334/61622587/4/4_org_zoom.jpg;
Penti;Kadın Kaki Lacy Slip Külot;268;29122760;M;Kaki;instock;14.95;14.95;nullKampanya fiyatından satılmak üzere 10 adetten fazla stok sunulmuştur.İncelemiş olduğunuz ürünün satış fiyatını satıcı belirlemektedir.;https://cdn.dsmcdn.com//assets/product/media/images/20200106/13/1971334/61622587/1/1_org_zoom.jpg,https://cdn.dsmcdn.com//assets/product/media/images/20200106/13/1971334/61622587/2/2_org_zoom.jpg,https://cdn.dsmcdn.com//assets/product/media/images/20200106/13/1971334/61622587/3/3_org_zoom.jpg,https://cdn.dsmcdn.com//assets/product/media/images/20200106/13/1971334/61622587/4/4_org_zoom.jpg;
Penti;Kadın Kaki Lacy Slip Külot;269;29122760;L;Kaki;instock;14.95;14.95;nullKampanya fiyatından satılmak üzere 10 adetten fazla stok sunulmuştur.İncelemiş olduğunuz ürünün satış fiyatını satıcı belirlemektedir.;https://cdn.dsmcdn.com//assets/product/media/images/20200106/13/1971334/61622587/1/1_org_zoom.jpg,https://cdn.dsmcdn.com//assets/product/media/images/20200106/13/1971334/61622587/2/2_org_zoom.jpg,https://cdn.dsmcdn.com//assets/product/media/images/20200106/13/1971334/61622587/3/3_org_zoom.jpg,https://cdn.dsmcdn.com//assets/product/media/images/20200106/13/1971334/61622587/4/4_org_zoom.jpg;
Penti;Kadın Kaki Lacy Slip Külot;270;29122760;XL;Kaki;instock;14.95;14.95;nullKampanya fiyatından satılmak üzere 10 adetten fazla stok sunulmuştur.İncelemiş olduğunuz ürünün satış fiyatını satıcı belirlemektedir.;https://cdn.dsmcdn.com//assets/product/media/images/20200106/13/1971334/61622587/1/1_org_zoom.jpg,https://cdn.dsmcdn.com//assets/product/media/images/20200106/13/1971334/61622587/2/2_org_zoom.jpg,https://cdn.dsmcdn.com//assets/product/media/images/20200106/13/1971334/61622587/3/3_org_zoom.jpg,https://cdn.dsmcdn.com//assets/product/media/images/20200106/13/1971334/61622587/4/4_org_zoom.jpg;
Pierre Cardin;Kadın Dantelli Slip 3lü Paket Külot Ekru-Mercan-Siyah;271;71245;36;KARIŞIK;instock;33.45;66.9;%90 Pamuk %10 Elastan3'lü Ekonomik Paket - Dantelli Slip - Ekru-Mercan-SiyahKampanya fiyatından satılmak üzere 100 adetten fazla stok sunulmuştur.İncelemiş olduğunuz ürünün satış fiyatını satıcı belirlemektedir.;https://cdn.dsmcdn.com//Assets/ProductImages/oa/59/225305/2/8699170082699_1_org_zoom.jpg;
Pierre Cardin;Kadın Dantelli Slip 3lü Paket Külot Ekru-Mercan-Siyah;272;71245;38;KARIŞIK;instock;33.45;66.9;%90 Pamuk %10 Elastan3'lü Ekonomik Paket - Dantelli Slip - Ekru-Mercan-SiyahKampanya fiyatından satılmak üzere 100 adetten fazla stok sunulmuştur.İncelemiş olduğunuz ürünün satış fiyatını satıcı belirlemektedir.;https://cdn.dsmcdn.com//Assets/ProductImages/oa/59/225305/2/8699170082699_1_org_zoom.jpg;
Pierre Cardin;Kadın Dantelli Slip 3lü Paket Külot Ekru-Mercan-Siyah;273;71245;40;KARIŞIK;instock;33.45;66.9;%90 Pamuk %10 Elastan3'lü Ekonomik Paket - Dantelli Slip - Ekru-Mercan-SiyahKampanya fiyatından satılmak üzere 100 adetten fazla stok sunulmuştur.İncelemiş olduğunuz ürünün satış fiyatını satıcı belirlemektedir.;https://cdn.dsmcdn.com//Assets/ProductImages/oa/59/225305/2/8699170082699_1_org_zoom.jpg;
Pierre Cardin;Kadın Dantelli Slip 3lü Paket Külot Ekru-Mercan-Siyah;274;71245;42;KARIŞIK;instock;33.45;66.9;%90 Pamuk %10 Elastan3'lü Ekonomik Paket - Dantelli Slip - Ekru-Mercan-SiyahKampanya fiyatından satılmak üzere 100 adetten fazla stok sunulmuştur.İncelemiş olduğunuz ürünün satış fiyatını satıcı belirlemektedir.;https://cdn.dsmcdn.com//Assets/ProductImages/oa/59/225305/2/8699170082699_1_org_zoom.jpg;
Pierre Cardin;Kadın Dantelli Slip 3lü Paket Külot Ekru-Mercan-Siyah;275;71248;36;KARIŞIK;outstock;67.5;77.5;%90 Pamuk %10 Elastan3'lü Ekonomik Paket - Dantelli Slip - Ekru-Mercan-SiyahBu butikte indirim kuponları/kodları geçerli değildir.Kampanya fiyatından satılmak üzere 5 adetten az stok bulunmaktadır.İncelemiş olduğunuz ürünün satış fiyatını satıcı belirlemektedir.;https://cdn.dsmcdn.com//Assets/ProductImages/oa/59/570734/2/8699170082866_1_org_zoom.jpg;
Pierre Cardin;Kadın Dantelli Slip 3lü Paket Külot Ekru-Mercan-Siyah;276;71248;40;KARIŞIK;outstock;67.5;77.5;%90 Pamuk %10 Elastan3'lü Ekonomik Paket - Dantelli Slip - Ekru-Mercan-SiyahBu butikte indirim kuponları/kodları geçerli değildir.Kampanya fiyatından satılmak üzere 5 adetten az stok bulunmaktadır.İncelemiş olduğunuz ürünün satış fiyatını satıcı belirlemektedir.;https://cdn.dsmcdn.com//Assets/ProductImages/oa/59/570734/2/8699170082866_1_org_zoom.jpg;
Pierre Cardin;Kadın Dantelli Slip 3lü Paket Külot Ekru-Mercan-Siyah;277;71248;42;KARIŞIK;outstock;67.5;77.5;%90 Pamuk %10 Elastan3'lü Ekonomik Paket - Dantelli Slip - Ekru-Mercan-SiyahBu butikte indirim kuponları/kodları geçerli değildir.Kampanya fiyatından satılmak üzere 5 adetten az stok bulunmaktadır.İncelemiş olduğunuz ürünün satış fiyatını satıcı belirlemektedir.;https://cdn.dsmcdn.com//Assets/ProductImages/oa/59/570734/2/8699170082866_1_org_zoom.jpg;
Ödül;2002 Seamless Kadın 5 Li Şort Boxer Beyaz;278;31275082;S;BEYAZ;instock;89;89;%82 MICROFIBER POLYAMID % 18 ELASTANBu butikte indirim kuponları/kodları geçerli değildir.Kampanya fiyatından satılmak üzere 5 adetten fazla stok sunulmuştur.İncelemiş olduğunuz ürünün satış fiyatını satıcı belirlemektedir.;https://cdn.dsmcdn.com//assets/dev/product/media/images/20200326/15/459615/66304571/1/1_org_zoom.jpg,https://cdn.dsmcdn.com//assets/dev/product/media/images/20200326/15/459615/66304571/2/2_org_zoom.jpg;
Ödül;2002 Seamless Kadın 5 Li Şort Boxer Beyaz;279;31275082;M;BEYAZ;instock;89;89;%82 MICROFIBER POLYAMID % 18 ELASTANBu butikte indirim kuponları/kodları geçerli değildir.Kampanya fiyatından satılmak üzere 5 adetten fazla stok sunulmuştur.İncelemiş olduğunuz ürünün satış fiyatını satıcı belirlemektedir.;https://cdn.dsmcdn.com//assets/dev/product/media/images/20200326/15/459615/66304571/1/1_org_zoom.jpg,https://cdn.dsmcdn.com//assets/dev/product/media/images/20200326/15/459615/66304571/2/2_org_zoom.jpg;
Ödül;2002 Seamless Kadın 5 Li Şort Boxer Beyaz;280;31275082;L;BEYAZ;instock;89;89;%82 MICROFIBER POLYAMID % 18 ELASTANBu butikte indirim kuponları/kodları geçerli değildir.Kampanya fiyatından satılmak üzere 5 adetten fazla stok sunulmuştur.İncelemiş olduğunuz ürünün satış fiyatını satıcı belirlemektedir.;https://cdn.dsmcdn.com//assets/dev/product/media/images/20200326/15/459615/66304571/1/1_org_zoom.jpg,https://cdn.dsmcdn.com//assets/dev/product/media/images/20200326/15/459615/66304571/2/2_org_zoom.jpg;
Ödül;2002 Seamless Kadın 5 Li Şort Boxer Beyaz;281;31275082;XL;BEYAZ;instock;89;89;%82 MICROFIBER POLYAMID % 18 ELASTANBu butikte indirim kuponları/kodları geçerli değildir.Kampanya fiyatından satılmak üzere 5 adetten fazla stok sunulmuştur.İncelemiş olduğunuz ürünün satış fiyatını satıcı belirlemektedir.;https://cdn.dsmcdn.com//assets/dev/product/media/images/20200326/15/459615/66304571/1/1_org_zoom.jpg,https://cdn.dsmcdn.com//assets/dev/product/media/images/20200326/15/459615/66304571/2/2_org_zoom.jpg;
Papatya Mobilya;Pullu Tanga 3401 | Kırmızı;282;29497792;;Çok Renkli;instock;29.9;49.9;% 80 polyamid, % 20 elastandan üretilmiştir. Önü tüldür.Arkası pul süslemelidir. Kalpli ve tüy detaylıdır. Bu kısım çengelli iğnelidir ve çıkarılabilir. Peşi astarlıdır.Dayanıklıdır, çabuk deforme olmaz. Üretiminde sağlığa zararlı hiç bir materyal kullanılmamıştır. Ürün üzerinde bulunan yıkama talimatı etiketine uymanız tavsiye edilmektedir. Kampanya fiyatından satılmak üzere 10 adetten fazla stok sunulmuştur.İncelemiş olduğunuz ürünün satış fiyatını satıcı belirlemektedir.;https://cdn.dsmcdn.com//assets/product/media/images/20200123/12/2483043/62532772/1/1_org_zoom.jpg,https://cdn.dsmcdn.com//assets/product/media/images/20200123/12/2483043/62532772/2/2_org_zoom.jpg;
Blackspade;Kadın Beyaz Slip;283;867789;XXL;Beyaz;instock;29.95;29.95;Kampanya fiyatından satılmak üzere 10 adetten fazla stok sunulmuştur.İncelemiş olduğunuz ürünün satış fiyatını satıcı belirlemektedir.;https://cdn.dsmcdn.com//assets/product/media/images/20191128/16/851094/59731230/1/1_org_zoom.jpg;
X-Lady;Xlady Çiçekli Çeyizlik Orta / Düşük Bel Kadın Brazilian Külot 939;284;5433970;S;SİYAH;instock;40.59;89.88;Ürün Özellikleri Ürün 1 Parçadan Oluşmaktadır. Özellik: Çeyizlik, Orta / Düşük Bel ? Kumaş Seçimi: Polyamid ? Desen Seçimi: Çiçekli ? Kumaş Özelliği: %82 Polyamide %18 Elastane Bu butikte indirim kuponları/kodları geçerli değildir.Kampanya fiyatından satılmak üzere 100 adetten fazla stok sunulmuştur.İncelemiş olduğunuz ürünün satış fiyatını satıcı belirlemektedir.;https://cdn.dsmcdn.com//ty1/product/media/images/20200409/11/1458855/20592749/1/1_org_zoom.jpg,https://cdn.dsmcdn.com//ty1/product/media/images/20200409/11/1458855/20592749/2/2_org_zoom.jpg;
X-Lady;Xlady Çiçekli Çeyizlik Orta / Düşük Bel Kadın Brazilian Külot 939;285;5433970;M;SİYAH;instock;40.59;89.88;Ürün Özellikleri Ürün 1 Parçadan Oluşmaktadır. Özellik: Çeyizlik, Orta / Düşük Bel ? Kumaş Seçimi: Polyamid ? Desen Seçimi: Çiçekli ? Kumaş Özelliği: %82 Polyamide %18 Elastane Bu butikte indirim kuponları/kodları geçerli değildir.Kampanya fiyatından satılmak üzere 100 adetten fazla stok sunulmuştur.İncelemiş olduğunuz ürünün satış fiyatını satıcı belirlemektedir.;https://cdn.dsmcdn.com//ty1/product/media/images/20200409/11/1458855/20592749/1/1_org_zoom.jpg,https://cdn.dsmcdn.com//ty1/product/media/images/20200409/11/1458855/20592749/2/2_org_zoom.jpg;
X-Lady;Xlady Çiçekli Çeyizlik Orta / Düşük Bel Kadın Brazilian Külot 939;286;5433970;L;SİYAH;instock;40.59;89.88;Ürün Özellikleri Ürün 1 Parçadan Oluşmaktadır. Özellik: Çeyizlik, Orta / Düşük Bel ? Kumaş Seçimi: Polyamid ? Desen Seçimi: Çiçekli ? Kumaş Özelliği: %82 Polyamide %18 Elastane Bu butikte indirim kuponları/kodları geçerli değildir.Kampanya fiyatından satılmak üzere 100 adetten fazla stok sunulmuştur.İncelemiş olduğunuz ürünün satış fiyatını satıcı belirlemektedir.;https://cdn.dsmcdn.com//ty1/product/media/images/20200409/11/1458855/20592749/1/1_org_zoom.jpg,https://cdn.dsmcdn.com//ty1/product/media/images/20200409/11/1458855/20592749/2/2_org_zoom.jpg;
X-Lady;Xlady Çiçekli Çeyizlik Orta / Düşük Bel Kadın Brazilian Külot 939;287;5433970;XL;SİYAH;instock;40.59;89.88;Ürün Özellikleri Ürün 1 Parçadan Oluşmaktadır. Özellik: Çeyizlik, Orta / Düşük Bel ? Kumaş Seçimi: Polyamid ? Desen Seçimi: Çiçekli ? Kumaş Özelliği: %82 Polyamide %18 Elastane Bu butikte indirim kuponları/kodları geçerli değildir.Kampanya fiyatından satılmak üzere 100 adetten fazla stok sunulmuştur.İncelemiş olduğunuz ürünün satış fiyatını satıcı belirlemektedir.;https://cdn.dsmcdn.com//ty1/product/media/images/20200409/11/1458855/20592749/1/1_org_zoom.jpg,https://cdn.dsmcdn.com//ty1/product/media/images/20200409/11/1458855/20592749/2/2_org_zoom.jpg;
MOONLİGHT;Wo&gı Seamless 5002 Lazer Kesim Cotton Short;288;1894855;S;Siyah;instock;24;29;WO&GI SEAMLESS 5002 LAZER KESİM COTTON SHORTKampanya fiyatından satılmak üzere 10 adetten fazla stok sunulmuştur.İncelemiş olduğunuz ürünün satış fiyatını satıcı belirlemektedir.;https://cdn.dsmcdn.com//ty6/product/media/images/20200707/19/3878561/12543793/0/0_org_zoom.jpg;
MOONLİGHT;Wo&gı Seamless 5002 Lazer Kesim Cotton Short;289;1894855;M;Siyah;instock;24;29;WO&GI SEAMLESS 5002 LAZER KESİM COTTON SHORTKampanya fiyatından satılmak üzere 10 adetten fazla stok sunulmuştur.İncelemiş olduğunuz ürünün satış fiyatını satıcı belirlemektedir.;https://cdn.dsmcdn.com//ty6/product/media/images/20200707/19/3878561/12543793/0/0_org_zoom.jpg;
MOONLİGHT;Wo&gı Seamless 5002 Lazer Kesim Cotton Short;290;1894855;L;Siyah;instock;24;29;WO&GI SEAMLESS 5002 LAZER KESİM COTTON SHORTKampanya fiyatından satılmak üzere 10 adetten fazla stok sunulmuştur.İncelemiş olduğunuz ürünün satış fiyatını satıcı belirlemektedir.;https://cdn.dsmcdn.com//ty6/product/media/images/20200707/19/3878561/12543793/0/0_org_zoom.jpg;
MOONLİGHT;Wo&gı Seamless 5002 Lazer Kesim Cotton Short;291;1894855;XL;Siyah;instock;24;29;WO&GI SEAMLESS 5002 LAZER KESİM COTTON SHORTKampanya fiyatından satılmak üzere 10 adetten fazla stok sunulmuştur.İncelemiş olduğunuz ürünün satış fiyatını satıcı belirlemektedir.;https://cdn.dsmcdn.com//ty6/product/media/images/20200707/19/3878561/12543793/0/0_org_zoom.jpg;
Blackspade;Ten Kadın Slip 1331;292;867828;XL;028-NUDE(A.KAHVE);instock;21.75;35;Kampanya fiyatından satılmak üzere 5 adetten az stok bulunmaktadır.İncelemiş olduğunuz ürünün satış fiyatını satıcı belirlemektedir.;https://cdn.dsmcdn.com//Assets/ProductImages/oa/72/1240708/1/8698773018517_1_org_zoom.jpg;
Blackspade;Krem Kadın Slip 1331;293;867828;XL;002-CREAM(KREM);instock;21.75;29.95;94% Pamuk 6% ElastanKampanya fiyatından satılmak üzere 5 adetten az stok bulunmaktadır.İncelemiş olduğunuz ürünün satış fiyatını satıcı belirlemektedir.;https://cdn.dsmcdn.com//Assets/ProductImages/oa/72/1164539/2/8698773018470_1_org_zoom.jpg;
Blackspade;Krem Kadın Slip 1331;294;867828;2XL;002-CREAM(KREM);outstock;21.75;29.95;94% Pamuk 6% ElastanKampanya fiyatından satılmak üzere 5 adetten az stok bulunmaktadır.İncelemiş olduğunuz ürünün satış fiyatını satıcı belirlemektedir.;https://cdn.dsmcdn.com//Assets/ProductImages/oa/72/1164539/2/8698773018470_1_org_zoom.jpg;
Blackspade;Beyaz Kadın Slip 1545;295;737354;2XL;WHITE;outstock;29.5;32.8;46% Modal 46% Pamuk 8% ElastanKampanya fiyatından satılmak üzere 5 adetten az stok bulunmaktadır.İncelemiş olduğunuz ürünün satış fiyatını satıcı belirlemektedir.;https://cdn.dsmcdn.com//Assets/ProductImages/oa/72/988438/1/8698773102452_1_org_zoom.jpg;
Blackspade;Ten Kadın Slip 1370;296;737334;S;NUDE;outstock;37.95;44.95;%43 Pamuk %43 Modal %14 ElastanBu butikte indirim kuponları/kodları geçerli değildir.Kampanya fiyatından satılmak üzere 5 adetten az stok bulunmaktadır.İncelemiş olduğunuz ürünün satış fiyatını satıcı belirlemektedir.;https://cdn.dsmcdn.com//Assets/ProductImages/oa/72/988353/2/8698773062275_1_org_zoom.jpg;
Blackspade;Ten Kadın Slip 1370;297;737334;M;NUDE;outstock;39.95;39.95;%43 Pamuk %43 Modal %14 ElastanBu butikte indirim kuponları/kodları geçerli değildir.Kampanya fiyatından satılmak üzere 5 adetten az stok bulunmaktadır.İncelemiş olduğunuz ürünün satış fiyatını satıcı belirlemektedir.;https://cdn.dsmcdn.com//Assets/ProductImages/oa/72/988353/2/8698773062275_1_org_zoom.jpg;
Blackspade;Ten Kadın Slip 1370;298;737334;L;NUDE;outstock;37.95;44.95;%43 Pamuk %43 Modal %14 ElastanBu butikte indirim kuponları/kodları geçerli değildir.Kampanya fiyatından satılmak üzere 5 adetten az stok bulunmaktadır.İncelemiş olduğunuz ürünün satış fiyatını satıcı belirlemektedir.;https://cdn.dsmcdn.com//Assets/ProductImages/oa/72/988353/2/8698773062275_1_org_zoom.jpg;
Blackspade;Ten Kadın Slip 1370;299;737334;XL;NUDE;outstock;38.95;38.95;%43 Pamuk %43 Modal %14 ElastanBu butikte indirim kuponları/kodları geçerli değildir.Kampanya fiyatından satılmak üzere 5 adetten az stok bulunmaktadır.İncelemiş olduğunuz ürünün satış fiyatını satıcı belirlemektedir.;https://cdn.dsmcdn.com//Assets/ProductImages/oa/72/988353/2/8698773062275_1_org_zoom.jpg;
miss slim easy;Bayan Slip;300;36990771;S;TEN;outstock;39.9;59.9;terletmez iz yapmazKampanya fiyatından satılmak üzere 5 adetten az stok bulunmaktadır.İncelemiş olduğunuz ürünün satış fiyatını satıcı belirlemektedir.;https://cdn.dsmcdn.com/https://cdn.dsmcdn.com//web/production/legal-requirement-card-new-white.png;
miss slim easy;Bayan Slip;301;36990771;M;TEN;instock;39.9;59.9;terletmez iz yapmazKampanya fiyatından satılmak üzere 5 adetten az stok bulunmaktadır.İncelemiş olduğunuz ürünün satış fiyatını satıcı belirlemektedir.;https://cdn.dsmcdn.com/https://cdn.dsmcdn.com//web/production/legal-requirement-card-new-white.png;
miss slim easy;Bayan Slip;302;36990771;L;TEN;outstock;39.9;59.9;terletmez iz yapmazKampanya fiyatından satılmak üzere 5 adetten az stok bulunmaktadır.İncelemiş olduğunuz ürünün satış fiyatını satıcı belirlemektedir.;https://cdn.dsmcdn.com/https://cdn.dsmcdn.com//web/production/legal-requirement-card-new-white.png;
Mollis Organic Life;Organik Pamuk Mystrey Kız Çocuk Slip;303;35855261;6-8 Yaş;Ekru;instock;43.1;43.1;Malzeme %95 Pamuk %11 Elastan Yumuşacık kumaşı ile tenini narince sarar, sıkmaz çocuğunuzun rahat etmesini sağlar. Organik pamuk dokusu vücudun en hassas bölümüne konfor sağlar. Ciltte alerji, kaşıntı yapmaz.Boyasız, Doğal ekru renktir. Pamuklu lastik ve doğal aksesuar kullanılmıştır.Kampanya fiyatından satılmak üzere 10 adetten fazla stok sunulmuştur.İncelemiş olduğunuz ürünün satış fiyatını satıcı belirlemektedir.;https://cdn.dsmcdn.com//ty6/product/media/images/20200710/13/4042763/76297048/0/0_org_zoom.jpg;
Mollis Organic Life;Organik Pamuk Mystrey Kız Çocuk Slip;304;35855261;2-4 Yaş;Ekru;instock;43.1;43.1;Malzeme %95 Pamuk %11 Elastan Yumuşacık kumaşı ile tenini narince sarar, sıkmaz çocuğunuzun rahat etmesini sağlar. Organik pamuk dokusu vücudun en hassas bölümüne konfor sağlar. Ciltte alerji, kaşıntı yapmaz.Boyasız, Doğal ekru renktir. Pamuklu lastik ve doğal aksesuar kullanılmıştır.Kampanya fiyatından satılmak üzere 10 adetten fazla stok sunulmuştur.İncelemiş olduğunuz ürünün satış fiyatını satıcı belirlemektedir.;https://cdn.dsmcdn.com//ty6/product/media/images/20200710/13/4042763/76297048/0/0_org_zoom.jpg;
Mollis Organic Life;Organik Pamuk Mystrey Kız Çocuk Slip;305;35855261;4-6 Yaş;Ekru;instock;43.1;43.1;Malzeme %95 Pamuk %11 Elastan Yumuşacık kumaşı ile tenini narince sarar, sıkmaz çocuğunuzun rahat etmesini sağlar. Organik pamuk dokusu vücudun en hassas bölümüne konfor sağlar. Ciltte alerji, kaşıntı yapmaz.Boyasız, Doğal ekru renktir. Pamuklu lastik ve doğal aksesuar kullanılmıştır.Kampanya fiyatından satılmak üzere 10 adetten fazla stok sunulmuştur.İncelemiş olduğunuz ürünün satış fiyatını satıcı belirlemektedir.;https://cdn.dsmcdn.com//ty6/product/media/images/20200710/13/4042763/76297048/0/0_org_zoom.jpg;
Mollis Organic Life;Organik Pamuk Mystrey Kız Çocuk Slip;306;35855261;8-10 Yaş;Ekru;instock;43.1;43.1;Malzeme %95 Pamuk %11 Elastan Yumuşacık kumaşı ile tenini narince sarar, sıkmaz çocuğunuzun rahat etmesini sağlar. Organik pamuk dokusu vücudun en hassas bölümüne konfor sağlar. Ciltte alerji, kaşıntı yapmaz.Boyasız, Doğal ekru renktir. Pamuklu lastik ve doğal aksesuar kullanılmıştır.Kampanya fiyatından satılmak üzere 10 adetten fazla stok sunulmuştur.İncelemiş olduğunuz ürünün satış fiyatını satıcı belirlemektedir.;https://cdn.dsmcdn.com//ty6/product/media/images/20200710/13/4042763/76297048/0/0_org_zoom.jpg;
Formactive;Kadın Siyah Yüksek Bel Slip Korse 1030;307;31216487;S;Siyah;instock;43.99;62.85;Kampanya fiyatından satılmak üzere 100 adetten fazla stok sunulmuştur.İncelemiş olduğunuz ürünün satış fiyatını satıcı belirlemektedir.;https://cdn.dsmcdn.com//ty3/product/media/images/20200608/13/2397737/73145409/1/1_org_zoom.jpg;
Formactive;Kadın Siyah Yüksek Bel Slip Korse 1030;308;31216487;M;Siyah;instock;43.99;62.85;Kampanya fiyatından satılmak üzere 100 adetten fazla stok sunulmuştur.İncelemiş olduğunuz ürünün satış fiyatını satıcı belirlemektedir.;https://cdn.dsmcdn.com//ty3/product/media/images/20200608/13/2397737/73145409/1/1_org_zoom.jpg;
Formactive;Kadın Siyah Yüksek Bel Slip Korse 1030;309;31216487;L;Siyah;instock;43.99;62.85;Kampanya fiyatından satılmak üzere 100 adetten fazla stok sunulmuştur.İncelemiş olduğunuz ürünün satış fiyatını satıcı belirlemektedir.;https://cdn.dsmcdn.com//ty3/product/media/images/20200608/13/2397737/73145409/1/1_org_zoom.jpg;
Formactive;Kadın Siyah Yüksek Bel Slip Korse 1030;310;31216487;XL;Siyah;instock;43.99;62.85;Kampanya fiyatından satılmak üzere 100 adetten fazla stok sunulmuştur.İncelemiş olduğunuz ürünün satış fiyatını satıcı belirlemektedir.;https://cdn.dsmcdn.com//ty3/product/media/images/20200608/13/2397737/73145409/1/1_org_zoom.jpg;
Formactive;Kadın Siyah Yüksek Bel Slip Korse 1030;311;31216487;2XL;Siyah;instock;43.99;62.85;Kampanya fiyatından satılmak üzere 100 adetten fazla stok sunulmuştur.İncelemiş olduğunuz ürünün satış fiyatını satıcı belirlemektedir.;https://cdn.dsmcdn.com//ty3/product/media/images/20200608/13/2397737/73145409/1/1_org_zoom.jpg;
Berrak;2108 Bayan Bato Slip;312;30575384;M;SİYAH;instock;25.55;35.55;%100 PAMUK Kampanya fiyatından satılmak üzere 100 adetten fazla stok sunulmuştur.İncelemiş olduğunuz ürünün satış fiyatını satıcı belirlemektedir.;https://cdn.dsmcdn.com//assets/product/media/images/20200228/11/3932491/64694372/1/1_org_zoom.jpg;
Berrak;2108 Bayan Bato Slip;313;30575384;L;SİYAH;instock;25.55;35.55;%100 PAMUK Kampanya fiyatından satılmak üzere 100 adetten fazla stok sunulmuştur.İncelemiş olduğunuz ürünün satış fiyatını satıcı belirlemektedir.;https://cdn.dsmcdn.com//assets/product/media/images/20200228/11/3932491/64694372/1/1_org_zoom.jpg;
Berrak;2108 Bayan Bato Slip;314;30575384;XL;SİYAH;instock;25.55;35.55;%100 PAMUK Kampanya fiyatından satılmak üzere 100 adetten fazla stok sunulmuştur.İncelemiş olduğunuz ürünün satış fiyatını satıcı belirlemektedir.;https://cdn.dsmcdn.com//assets/product/media/images/20200228/11/3932491/64694372/1/1_org_zoom.jpg;
Berrak;2108 Bayan Bato Slip;315;30575384;2XL;SİYAH;instock;25.55;35.55;%100 PAMUK Kampanya fiyatından satılmak üzere 100 adetten fazla stok sunulmuştur.İncelemiş olduğunuz ürünün satış fiyatını satıcı belirlemektedir.;https://cdn.dsmcdn.com//assets/product/media/images/20200228/11/3932491/64694372/1/1_org_zoom.jpg;
Blackspade;Kadın Siyah Aura Satin Slip 1400;316;2968456;M;Siyah;instock;44.5;54.95;"Saten biyeli klasik kadın slip. Yumuşak dantel ve ipeksi satenin çok özel ve ince pamuk kumaşlar ile harmonisini yaşayacağınız Aura koleksiyonu vücut şeklinize uyumlu 3 boyutlu tasarımı ile ultra konfor sağlar. Cildi tahriş etmeyen transfer baskı etiket kullanılmıştır. Ekstra hijyen için çift kat havlu ağ bulunur. Beden Aralığı: S-XXL Blackspade'in tüm ürünleri Öko-Tex sertifikasına sahiptir.Öko-tex sertifikası, tekstil ürünlerinin sağlığa zarar veren maddelerden arınmış veya insan sağlığına zarar vermeyecek miktarlarda bulunduğunu belgeler. Tüm Blackspade ürünlerini kendiniz ve sevdikleriniz için güvenle tercih edebilirsiniz. "Bu butikte indirim kuponları/kodları geçerli değildir.Kampanya fiyatından satılmak üzere 5 adetten fazla stok sunulmuştur.İncelemiş olduğunuz ürünün satış fiyatını satıcı belirlemektedir.;https://cdn.dsmcdn.com//Assets/ProductImages/oa/59/3599358/2/8698773075848_1_org_zoom.jpg;
Blackspade;Kadın Siyah Aura Satin Slip 1400;317;2968456;L;Siyah;instock;44.5;54.95;"Saten biyeli klasik kadın slip. Yumuşak dantel ve ipeksi satenin çok özel ve ince pamuk kumaşlar ile harmonisini yaşayacağınız Aura koleksiyonu vücut şeklinize uyumlu 3 boyutlu tasarımı ile ultra konfor sağlar. Cildi tahriş etmeyen transfer baskı etiket kullanılmıştır. Ekstra hijyen için çift kat havlu ağ bulunur. Beden Aralığı: S-XXL Blackspade'in tüm ürünleri Öko-Tex sertifikasına sahiptir.Öko-tex sertifikası, tekstil ürünlerinin sağlığa zarar veren maddelerden arınmış veya insan sağlığına zarar vermeyecek miktarlarda bulunduğunu belgeler. Tüm Blackspade ürünlerini kendiniz ve sevdikleriniz için güvenle tercih edebilirsiniz. "Bu butikte indirim kuponları/kodları geçerli değildir.Kampanya fiyatından satılmak üzere 5 adetten fazla stok sunulmuştur.İncelemiş olduğunuz ürünün satış fiyatını satıcı belirlemektedir.;https://cdn.dsmcdn.com//Assets/ProductImages/oa/59/3599358/2/8698773075848_1_org_zoom.jpg;
Blackspade;Ten Kadın Slip 1331;318;867828;M;NUDE;outstock;31.95;41.95;94% Pamuk 6% ElastanKampanya fiyatından satılmak üzere 5 adetten az stok bulunmaktadır.İncelemiş olduğunuz ürünün satış fiyatını satıcı belirlemektedir.;https://cdn.dsmcdn.com//Assets/ProductImages/oa/72/1164555/1/8698773018494_1_org_zoom.jpg;
Blackspade;Siyah Kadın Slip 1820;319;867789;XL;090-BLACK(SİYAH);instock;29.95;29.95;Kampanya fiyatından satılmak üzere 10 adetten fazla stok sunulmuştur.İncelemiş olduğunuz ürünün satış fiyatını satıcı belirlemektedir.;https://cdn.dsmcdn.com//assets/product/media/images/20191128/16/851094/11492196/1/1_org_zoom.jpg;
Blackspade;Siyah Kadın Slip 1820;320;867789;XXL;090-BLACK(SİYAH);outstock;29.95;29.95;Kampanya fiyatından satılmak üzere 10 adetten fazla stok sunulmuştur.İncelemiş olduğunuz ürünün satış fiyatını satıcı belirlemektedir.;https://cdn.dsmcdn.com//assets/product/media/images/20191128/16/851094/11492196/1/1_org_zoom.jpg;
Doreanse;Kadın Beyaz Slip 7116;321;787037;M;BEYAZ;outstock;29.9;39;%45 Modal %45 Pamuk %10 LikraKampanya fiyatından satılmak üzere 5 adetten az stok bulunmaktadır.İncelemiş olduğunuz ürünün satış fiyatını satıcı belirlemektedir.;https://cdn.dsmcdn.com//assets/product/media/images/20191118/9/621903/10479375/1/1_org_zoom.jpeg;
Doreanse;Kadın Beyaz Slip 7116;322;787037;L;BEYAZ;outstock;29.9;39;%45 Modal %45 Pamuk %10 LikraKampanya fiyatından satılmak üzere 5 adetten az stok bulunmaktadır.İncelemiş olduğunuz ürünün satış fiyatını satıcı belirlemektedir.;https://cdn.dsmcdn.com//assets/product/media/images/20191118/9/621903/10479375/1/1_org_zoom.jpeg;
Doreanse;Kadın Beyaz Slip 7116;323;787037;XL;BEYAZ;outstock;29.9;39;%45 Modal %45 Pamuk %10 LikraKampanya fiyatından satılmak üzere 5 adetten az stok bulunmaktadır.İncelemiş olduğunuz ürünün satış fiyatını satıcı belirlemektedir.;https://cdn.dsmcdn.com//assets/product/media/images/20191118/9/621903/10479375/1/1_org_zoom.jpeg;
Blackspade;Kadın Invisible Slip Külot 1371;324;737335;L;BLACK;instock;39.9;39.9;Blackspade Kadın Invisible Slip Külot 1371 Kampanya fiyatından satılmak üzere 5 adetten az stok bulunmaktadır.İncelemiş olduğunuz ürünün satış fiyatını satıcı belirlemektedir.;https://cdn.dsmcdn.com//ty2/product/media/images/20200331/13/789597/10362850/1/1_org_zoom.jpg;
NightLove;Kadın Siyah Tül Tanga;325;40414505;S/M;Yok;outstock;26.4;26.4;Paket İçeriği Ürün 1 parçadan oluşmaktadır. Kumaş Bilgisi 90% Polyester %10 Elastan Üretim Yeri TÜRKİYE Yıkama Talimatı 30 Derecelik Suda Elle Yıkayınız, Gölgede Kurumaya Bırakınız, Ağartıcı Kullanmayınız.Kampanya fiyatından satılmak üzere 100 adetten fazla stok sunulmuştur.İncelemiş olduğunuz ürünün satış fiyatını satıcı belirlemektedir.;https://cdn.dsmcdn.com/https://cdn.dsmcdn.com//web/production/legal-requirement-card-new-white.png;
NightLove;Kadın Siyah Tül Tanga;326;40414505;L/XL;Yok;instock;26.4;26.4;Paket İçeriği Ürün 1 parçadan oluşmaktadır. Kumaş Bilgisi 90% Polyester %10 Elastan Üretim Yeri TÜRKİYE Yıkama Talimatı 30 Derecelik Suda Elle Yıkayınız, Gölgede Kurumaya Bırakınız, Ağartıcı Kullanmayınız.Kampanya fiyatından satılmak üzere 100 adetten fazla stok sunulmuştur.İncelemiş olduğunuz ürünün satış fiyatını satıcı belirlemektedir.;https://cdn.dsmcdn.com/https://cdn.dsmcdn.com//web/production/legal-requirement-card-new-white.png;
Anıt;Kadın Slip Külot Renkli (10 Adet);327;35708710;;Asorti;instock;45;54;Linenya mağazası ürünüdür. Sitemizde sattığımız tüm ürünler %100 orijinal olup üretici firma kutu/ambalajı ile gönderilmektedir.Kampanya fiyatından satılmak üzere 10 adetten fazla stok sunulmuştur.İncelemiş olduğunuz ürünün satış fiyatını satıcı belirlemektedir.;https://cdn.dsmcdn.com//ty6/product/media/images/20200707/17/3871102/76003798/1/1_org_zoom.jpg;
Romina Valy;Kadın Bej Cotton Yüksek Bel Slip;328;34442001;L;Ten;instock;22.9;40;Materyal : %95 pamuk, %5 elastan Yıkama önerisi : 40 derecede makinede veya elde yıkanabilir Kampanya fiyatından satılmak üzere 5 adetten fazla stok sunulmuştur.İncelemiş olduğunuz ürünün satış fiyatını satıcı belirlemektedir.;https://cdn.dsmcdn.com//ty3/product/media/images/20200609/12/2455527/73233733/1/1_org_zoom.jpg,https://cdn.dsmcdn.com//ty3/product/media/images/20200609/12/2455527/73233733/2/2_org_zoom.jpg;
Romina Valy;Kadın Bej Cotton Yüksek Bel Slip;329;34442001;XL;Ten;instock;22.9;40;Materyal : %95 pamuk, %5 elastan Yıkama önerisi : 40 derecede makinede veya elde yıkanabilir Kampanya fiyatından satılmak üzere 5 adetten fazla stok sunulmuştur.İncelemiş olduğunuz ürünün satış fiyatını satıcı belirlemektedir.;https://cdn.dsmcdn.com//ty3/product/media/images/20200609/12/2455527/73233733/1/1_org_zoom.jpg,https://cdn.dsmcdn.com//ty3/product/media/images/20200609/12/2455527/73233733/2/2_org_zoom.jpg;
Romina Valy;Kadın Bej Cotton Yüksek Bel Slip;330;34442001;XXL;Ten;instock;22.9;40;Materyal : %95 pamuk, %5 elastan Yıkama önerisi : 40 derecede makinede veya elde yıkanabilir Kampanya fiyatından satılmak üzere 5 adetten fazla stok sunulmuştur.İncelemiş olduğunuz ürünün satış fiyatını satıcı belirlemektedir.;https://cdn.dsmcdn.com//ty3/product/media/images/20200609/12/2455527/73233733/1/1_org_zoom.jpg,https://cdn.dsmcdn.com//ty3/product/media/images/20200609/12/2455527/73233733/2/2_org_zoom.jpg;
Formactive;Kadın Beyaz Yüksek Bel Slip Korse 1030;331;31216487;S;Beyaz;instock;43.99;62.85;ürün %82 polyamid, %18 elastan Kampanya fiyatından satılmak üzere 100 adetten fazla stok sunulmuştur.İncelemiş olduğunuz ürünün satış fiyatını satıcı belirlemektedir.;https://cdn.dsmcdn.com//assets/product/media/images/20200321/14/4712894/66187614/1/1_org_zoom.jpg;
Formactive;Kadın Beyaz Yüksek Bel Slip Korse 1030;332;31216487;M;Beyaz;instock;43.99;62.85;ürün %82 polyamid, %18 elastan Kampanya fiyatından satılmak üzere 100 adetten fazla stok sunulmuştur.İncelemiş olduğunuz ürünün satış fiyatını satıcı belirlemektedir.;https://cdn.dsmcdn.com//assets/product/media/images/20200321/14/4712894/66187614/1/1_org_zoom.jpg;
Formactive;Kadın Beyaz Yüksek Bel Slip Korse 1030;333;31216487;L;Beyaz;instock;43.99;62.85;ürün %82 polyamid, %18 elastan Kampanya fiyatından satılmak üzere 100 adetten fazla stok sunulmuştur.İncelemiş olduğunuz ürünün satış fiyatını satıcı belirlemektedir.;https://cdn.dsmcdn.com//assets/product/media/images/20200321/14/4712894/66187614/1/1_org_zoom.jpg;
Formactive;Kadın Beyaz Yüksek Bel Slip Korse 1030;334;31216487;XL;Beyaz;instock;43.99;62.85;ürün %82 polyamid, %18 elastan Kampanya fiyatından satılmak üzere 100 adetten fazla stok sunulmuştur.İncelemiş olduğunuz ürünün satış fiyatını satıcı belirlemektedir.;https://cdn.dsmcdn.com//assets/product/media/images/20200321/14/4712894/66187614/1/1_org_zoom.jpg;
Formactive;Kadın Beyaz Yüksek Bel Slip Korse 1030;335;31216487;2XL;Beyaz;instock;43.99;62.85;ürün %82 polyamid, %18 elastan Kampanya fiyatından satılmak üzere 100 adetten fazla stok sunulmuştur.İncelemiş olduğunuz ürünün satış fiyatını satıcı belirlemektedir.;https://cdn.dsmcdn.com//assets/product/media/images/20200321/14/4712894/66187614/1/1_org_zoom.jpg;
Cottonhill;Cottonhill Külot 175 | Siyah Standart;336;31180373;;Çok Renkli;instock;32.9;37.39;Beli rahat lastikli, önü dantel ve taş süslemeli, dekolteli, arkası tülden külot. Rahatlığı ve şıklığıyla ön plana çıkar. Peşi astarlıdır. Vücudunuzu mükemmel sarar. Gün boyu kendinizi rahat hissetmenizi sağlar. Kıyafetlerinizin altında iz yapmaz. %95 cotton Bu butikte indirim kuponları/kodları geçerli değildir.Kampanya fiyatından satılmak üzere 10 adetten fazla stok sunulmuştur.İncelemiş olduğunuz ürünün satış fiyatını satıcı belirlemektedir.;https://cdn.dsmcdn.com//assets/product/media/images/20200320/14/4666958/66102597/1/1_org_zoom.jpg,https://cdn.dsmcdn.com//assets/product/media/images/20200320/14/4666958/66102597/2/2_org_zoom.jpg;
Imer;Kadın Slip Külot Modal Süprem (124) Siyah S;337;30591132;S;Siyah;instock;26;31;Kampanya fiyatından satılmak üzere 10 adetten fazla stok sunulmuştur.İncelemiş olduğunuz ürünün satış fiyatını satıcı belirlemektedir.;https://cdn.dsmcdn.com//ty1/product/media/images/20200410/8/1525025/64744248/1/1_org_zoom.jpg;
Imer;Kadın Slip Külot Modal Süprem (124) Siyah S;338;30591132;M;Siyah;outstock;26;31;Kampanya fiyatından satılmak üzere 10 adetten fazla stok sunulmuştur.İncelemiş olduğunuz ürünün satış fiyatını satıcı belirlemektedir.;https://cdn.dsmcdn.com//ty1/product/media/images/20200410/8/1525025/64744248/1/1_org_zoom.jpg;
Imer;Kadın Slip Külot Modal Süprem (124) Siyah S;339;30591132;L;Siyah;instock;26;31;Kampanya fiyatından satılmak üzere 10 adetten fazla stok sunulmuştur.İncelemiş olduğunuz ürünün satış fiyatını satıcı belirlemektedir.;https://cdn.dsmcdn.com//ty1/product/media/images/20200410/8/1525025/64744248/1/1_org_zoom.jpg;
Imer;Kadın Slip Külot Modal Süprem (124) Siyah S;340;30591132;XL;Siyah;instock;26;31;Kampanya fiyatından satılmak üzere 10 adetten fazla stok sunulmuştur.İncelemiş olduğunuz ürünün satış fiyatını satıcı belirlemektedir.;https://cdn.dsmcdn.com//ty1/product/media/images/20200410/8/1525025/64744248/1/1_org_zoom.jpg;
